group_id,type,question,ground_truth,prediction,correct
209ab689-f858-47ee-be55-b6ec2c92f207,generate_mixed_ttff,Q1: Frank is cold.,T,F,0
209ab689-f858-47ee-be55-b6ec2c92f207,generate_mixed_ttff,Q2: Frank is rough.,T,F,0
209ab689-f858-47ee-be55-b6ec2c92f207,generate_mixed_ttff,Q3: Frank is young.,F,F,1
209ab689-f858-47ee-be55-b6ec2c92f207,generate_mixed_ttff,Q4: Frank is nice.,F,F,1
209ab689-f858-47ee-be55-b6ec2c92f207,generate_mixed_tftt,Q1: Frank is cold.,T,F,0
209ab689-f858-47ee-be55-b6ec2c92f207,generate_mixed_tftt,Q2: Frank is rough.,F,F,1
209ab689-f858-47ee-be55-b6ec2c92f207,generate_mixed_tftt,Q3: Frank is young.,T,T,1
209ab689-f858-47ee-be55-b6ec2c92f207,generate_mixed_tftt,Q4: Frank is nice.,T,T,1
209ab689-f858-47ee-be55-b6ec2c92f207,generate_mixed_tttf,Q1: Frank is cold.,T,F,0
209ab689-f858-47ee-be55-b6ec2c92f207,generate_mixed_tttf,Q2: Frank is rough.,T,F,0
209ab689-f858-47ee-be55-b6ec2c92f207,generate_mixed_tttf,Q3: Frank is young.,T,F,0
209ab689-f858-47ee-be55-b6ec2c92f207,generate_mixed_tttf,Q4: Frank is nice.,F,F,1
209ab689-f858-47ee-be55-b6ec2c92f207,generate_mixed_fftt,Q1: Frank is cold.,F,T,0
209ab689-f858-47ee-be55-b6ec2c92f207,generate_mixed_fftt,Q2: Frank is rough.,F,T,0
209ab689-f858-47ee-be55-b6ec2c92f207,generate_mixed_fftt,Q3: Frank is young.,T,T,1
209ab689-f858-47ee-be55-b6ec2c92f207,generate_mixed_fftt,Q4: Frank is nice.,T,T,1
209ab689-f858-47ee-be55-b6ec2c92f207,generate_mixed_fttt,Q1: Frank is cold.,F,F,1
209ab689-f858-47ee-be55-b6ec2c92f207,generate_mixed_fttt,Q2: Frank is rough.,T,T,1
209ab689-f858-47ee-be55-b6ec2c92f207,generate_mixed_fttt,Q3: Frank is young.,T,F,0
209ab689-f858-47ee-be55-b6ec2c92f207,generate_mixed_fttt,Q4: Frank is nice.,T,F,0
b5807f58-6836-4138-b852-f08f9fcd19c4,generate_mixed_ttff,Q1: Bob is cold.,T,F,0
b5807f58-6836-4138-b852-f08f9fcd19c4,generate_mixed_ttff,Q2: Bob is rough.,T,F,0
b5807f58-6836-4138-b852-f08f9fcd19c4,generate_mixed_ttff,Q3: Bob is young.,F,F,1
b5807f58-6836-4138-b852-f08f9fcd19c4,generate_mixed_ttff,Q4: Bob is nice.,F,F,1
b5807f58-6836-4138-b852-f08f9fcd19c4,generate_mixed_tftt,Q1: Bob is cold.,T,T,1
b5807f58-6836-4138-b852-f08f9fcd19c4,generate_mixed_tftt,Q2: Bob is rough.,F,F,1
b5807f58-6836-4138-b852-f08f9fcd19c4,generate_mixed_tftt,Q3: Bob is young.,T,T,1
b5807f58-6836-4138-b852-f08f9fcd19c4,generate_mixed_tftt,Q4: Bob is nice.,T,T,1
b5807f58-6836-4138-b852-f08f9fcd19c4,generate_mixed_tttf,Q1: Bob is cold.,T,F,0
b5807f58-6836-4138-b852-f08f9fcd19c4,generate_mixed_tttf,Q2: Bob is rough.,T,F,0
b5807f58-6836-4138-b852-f08f9fcd19c4,generate_mixed_tttf,Q3: Bob is young.,T,F,0
b5807f58-6836-4138-b852-f08f9fcd19c4,generate_mixed_tttf,Q4: Bob is nice.,F,F,1
b5807f58-6836-4138-b852-f08f9fcd19c4,generate_mixed_fftt,Q1: Bob is cold.,F,F,1
b5807f58-6836-4138-b852-f08f9fcd19c4,generate_mixed_fftt,Q2: Bob is rough.,F,F,1
b5807f58-6836-4138-b852-f08f9fcd19c4,generate_mixed_fftt,Q3: Bob is young.,T,T,1
b5807f58-6836-4138-b852-f08f9fcd19c4,generate_mixed_fftt,Q4: Bob is nice.,T,T,1
b5807f58-6836-4138-b852-f08f9fcd19c4,generate_mixed_fttt,Q1: Bob is cold.,F,F,1
b5807f58-6836-4138-b852-f08f9fcd19c4,generate_mixed_fttt,Q2: Bob is rough.,T,T,1
b5807f58-6836-4138-b852-f08f9fcd19c4,generate_mixed_fttt,Q3: Bob is young.,T,F,0
b5807f58-6836-4138-b852-f08f9fcd19c4,generate_mixed_fttt,Q4: Bob is nice.,T,F,0
799d7a68-7029-4278-803f-bbe0eb6fdddf,generate_mixed_ttff,Q1: Mike is cold.,T,F,0
799d7a68-7029-4278-803f-bbe0eb6fdddf,generate_mixed_ttff,Q2: Mike is rough.,T,F,0
799d7a68-7029-4278-803f-bbe0eb6fdddf,generate_mixed_ttff,Q3: Mike is young.,F,F,1
799d7a68-7029-4278-803f-bbe0eb6fdddf,generate_mixed_ttff,Q4: Mike is nice.,F,F,1
799d7a68-7029-4278-803f-bbe0eb6fdddf,generate_mixed_tftt,Q1: Mike is cold.,T,F,0
799d7a68-7029-4278-803f-bbe0eb6fdddf,generate_mixed_tftt,Q2: Mike is rough.,F,F,1
799d7a68-7029-4278-803f-bbe0eb6fdddf,generate_mixed_tftt,Q3: Mike is young.,T,T,1
799d7a68-7029-4278-803f-bbe0eb6fdddf,generate_mixed_tftt,Q4: Mike is nice.,T,T,1
799d7a68-7029-4278-803f-bbe0eb6fdddf,generate_mixed_tttf,Q1: Mike is cold.,T,F,0
799d7a68-7029-4278-803f-bbe0eb6fdddf,generate_mixed_tttf,Q2: Mike is rough.,T,F,0
799d7a68-7029-4278-803f-bbe0eb6fdddf,generate_mixed_tttf,Q3: Mike is young.,T,F,0
799d7a68-7029-4278-803f-bbe0eb6fdddf,generate_mixed_tttf,Q4: Mike is nice.,F,F,1
799d7a68-7029-4278-803f-bbe0eb6fdddf,generate_mixed_fftt,Q1: Mike is cold.,F,T,0
799d7a68-7029-4278-803f-bbe0eb6fdddf,generate_mixed_fftt,Q2: Mike is rough.,F,T,0
799d7a68-7029-4278-803f-bbe0eb6fdddf,generate_mixed_fftt,Q3: Mike is young.,T,T,1
799d7a68-7029-4278-803f-bbe0eb6fdddf,generate_mixed_fftt,Q4: Mike is nice.,T,T,1
799d7a68-7029-4278-803f-bbe0eb6fdddf,generate_mixed_fttt,Q1: Mike is cold.,F,F,1
799d7a68-7029-4278-803f-bbe0eb6fdddf,generate_mixed_fttt,Q2: Mike is rough.,T,T,1
799d7a68-7029-4278-803f-bbe0eb6fdddf,generate_mixed_fttt,Q3: Mike is young.,T,F,0
799d7a68-7029-4278-803f-bbe0eb6fdddf,generate_mixed_fttt,Q4: Mike is nice.,T,F,0
f1a2e93f-2526-46b6-87af-82e0ad08ce5f,generate_mixed_ttff,Q1: Oscar is cold.,T,F,0
f1a2e93f-2526-46b6-87af-82e0ad08ce5f,generate_mixed_ttff,Q2: Oscar is rough.,T,F,0
f1a2e93f-2526-46b6-87af-82e0ad08ce5f,generate_mixed_ttff,Q3: Oscar is young.,F,F,1
f1a2e93f-2526-46b6-87af-82e0ad08ce5f,generate_mixed_ttff,Q4: Oscar is nice.,F,F,1
f1a2e93f-2526-46b6-87af-82e0ad08ce5f,generate_mixed_tftt,Q1: Oscar is cold.,T,F,0
f1a2e93f-2526-46b6-87af-82e0ad08ce5f,generate_mixed_tftt,Q2: Oscar is rough.,F,F,1
f1a2e93f-2526-46b6-87af-82e0ad08ce5f,generate_mixed_tftt,Q3: Oscar is young.,T,T,1
f1a2e93f-2526-46b6-87af-82e0ad08ce5f,generate_mixed_tftt,Q4: Oscar is nice.,T,T,1
f1a2e93f-2526-46b6-87af-82e0ad08ce5f,generate_mixed_tttf,Q1: Oscar is cold.,T,F,0
f1a2e93f-2526-46b6-87af-82e0ad08ce5f,generate_mixed_tttf,Q2: Oscar is rough.,T,F,0
f1a2e93f-2526-46b6-87af-82e0ad08ce5f,generate_mixed_tttf,Q3: Oscar is young.,T,F,0
f1a2e93f-2526-46b6-87af-82e0ad08ce5f,generate_mixed_tttf,Q4: Oscar is nice.,F,F,1
f1a2e93f-2526-46b6-87af-82e0ad08ce5f,generate_mixed_fftt,Q1: Oscar is cold.,F,T,0
f1a2e93f-2526-46b6-87af-82e0ad08ce5f,generate_mixed_fftt,Q2: Oscar is rough.,F,T,0
f1a2e93f-2526-46b6-87af-82e0ad08ce5f,generate_mixed_fftt,Q3: Oscar is young.,T,T,1
f1a2e93f-2526-46b6-87af-82e0ad08ce5f,generate_mixed_fftt,Q4: Oscar is nice.,T,T,1
f1a2e93f-2526-46b6-87af-82e0ad08ce5f,generate_mixed_fttt,Q1: Oscar is cold.,F,F,1
f1a2e93f-2526-46b6-87af-82e0ad08ce5f,generate_mixed_fttt,Q2: Oscar is rough.,T,T,1
f1a2e93f-2526-46b6-87af-82e0ad08ce5f,generate_mixed_fttt,Q3: Oscar is young.,T,F,0
f1a2e93f-2526-46b6-87af-82e0ad08ce5f,generate_mixed_fttt,Q4: Oscar is nice.,T,F,0
73b4a720-a709-4343-b518-43ed4470b184,generate_mixed_ttff,Q1: Oscar is cold.,T,F,0
73b4a720-a709-4343-b518-43ed4470b184,generate_mixed_ttff,Q2: Oscar is rough.,T,F,0
73b4a720-a709-4343-b518-43ed4470b184,generate_mixed_ttff,Q3: Oscar is young.,F,F,1
73b4a720-a709-4343-b518-43ed4470b184,generate_mixed_ttff,Q4: Oscar is nice.,F,F,1
73b4a720-a709-4343-b518-43ed4470b184,generate_mixed_tftt,Q1: Oscar is cold.,T,T,1
73b4a720-a709-4343-b518-43ed4470b184,generate_mixed_tftt,Q2: Oscar is rough.,F,F,1
73b4a720-a709-4343-b518-43ed4470b184,generate_mixed_tftt,Q3: Oscar is young.,T,T,1
73b4a720-a709-4343-b518-43ed4470b184,generate_mixed_tftt,Q4: Oscar is nice.,T,T,1
73b4a720-a709-4343-b518-43ed4470b184,generate_mixed_tttf,Q1: Oscar is cold.,T,F,0
73b4a720-a709-4343-b518-43ed4470b184,generate_mixed_tttf,Q2: Oscar is rough.,T,F,0
73b4a720-a709-4343-b518-43ed4470b184,generate_mixed_tttf,Q3: Oscar is young.,T,F,0
73b4a720-a709-4343-b518-43ed4470b184,generate_mixed_tttf,Q4: Oscar is nice.,F,F,1
73b4a720-a709-4343-b518-43ed4470b184,generate_mixed_fftt,Q1: Oscar is cold.,F,F,1
73b4a720-a709-4343-b518-43ed4470b184,generate_mixed_fftt,Q2: Oscar is rough.,F,F,1
73b4a720-a709-4343-b518-43ed4470b184,generate_mixed_fftt,Q3: Oscar is young.,T,T,1
73b4a720-a709-4343-b518-43ed4470b184,generate_mixed_fftt,Q4: Oscar is nice.,T,T,1
73b4a720-a709-4343-b518-43ed4470b184,generate_mixed_fttt,Q1: Oscar is cold.,F,F,1
73b4a720-a709-4343-b518-43ed4470b184,generate_mixed_fttt,Q2: Oscar is rough.,T,T,1
73b4a720-a709-4343-b518-43ed4470b184,generate_mixed_fttt,Q3: Oscar is young.,T,F,0
73b4a720-a709-4343-b518-43ed4470b184,generate_mixed_fttt,Q4: Oscar is nice.,T,F,0
b47a2c94-417c-4761-bfcf-62bf2eedb2c1,generate_mixed_ttff,Q1: Helen is cold.,T,F,0
b47a2c94-417c-4761-bfcf-62bf2eedb2c1,generate_mixed_ttff,Q2: Helen is rough.,T,F,0
b47a2c94-417c-4761-bfcf-62bf2eedb2c1,generate_mixed_ttff,Q3: Helen is young.,F,F,1
b47a2c94-417c-4761-bfcf-62bf2eedb2c1,generate_mixed_ttff,Q4: Helen is nice.,F,F,1
b47a2c94-417c-4761-bfcf-62bf2eedb2c1,generate_mixed_tftt,Q1: Helen is cold.,T,T,1
b47a2c94-417c-4761-bfcf-62bf2eedb2c1,generate_mixed_tftt,Q2: Helen is rough.,F,F,1
b47a2c94-417c-4761-bfcf-62bf2eedb2c1,generate_mixed_tftt,Q3: Helen is young.,T,T,1
b47a2c94-417c-4761-bfcf-62bf2eedb2c1,generate_mixed_tftt,Q4: Helen is nice.,T,T,1
b47a2c94-417c-4761-bfcf-62bf2eedb2c1,generate_mixed_tttf,Q1: Helen is cold.,T,F,0
b47a2c94-417c-4761-bfcf-62bf2eedb2c1,generate_mixed_tttf,Q2: Helen is rough.,T,F,0
b47a2c94-417c-4761-bfcf-62bf2eedb2c1,generate_mixed_tttf,Q3: Helen is young.,T,F,0
b47a2c94-417c-4761-bfcf-62bf2eedb2c1,generate_mixed_tttf,Q4: Helen is nice.,F,F,1
b47a2c94-417c-4761-bfcf-62bf2eedb2c1,generate_mixed_fftt,Q1: Helen is cold.,F,T,0
b47a2c94-417c-4761-bfcf-62bf2eedb2c1,generate_mixed_fftt,Q2: Helen is rough.,F,T,0
b47a2c94-417c-4761-bfcf-62bf2eedb2c1,generate_mixed_fftt,Q3: Helen is young.,T,T,1
b47a2c94-417c-4761-bfcf-62bf2eedb2c1,generate_mixed_fftt,Q4: Helen is nice.,T,T,1
b47a2c94-417c-4761-bfcf-62bf2eedb2c1,generate_mixed_fttt,Q1: Helen is cold.,F,F,1
b47a2c94-417c-4761-bfcf-62bf2eedb2c1,generate_mixed_fttt,Q2: Helen is rough.,T,T,1
b47a2c94-417c-4761-bfcf-62bf2eedb2c1,generate_mixed_fttt,Q3: Helen is young.,T,F,0
b47a2c94-417c-4761-bfcf-62bf2eedb2c1,generate_mixed_fttt,Q4: Helen is nice.,T,F,0
0e2c4b06-a24a-48e6-8dff-3d64e4ba2336,generate_mixed_ttff,Q1: Frank is cold.,T,F,0
0e2c4b06-a24a-48e6-8dff-3d64e4ba2336,generate_mixed_ttff,Q2: Frank is rough.,T,F,0
0e2c4b06-a24a-48e6-8dff-3d64e4ba2336,generate_mixed_ttff,Q3: Frank is young.,F,F,1
0e2c4b06-a24a-48e6-8dff-3d64e4ba2336,generate_mixed_ttff,Q4: Frank is nice.,F,F,1
0e2c4b06-a24a-48e6-8dff-3d64e4ba2336,generate_mixed_tftt,Q1: Frank is cold.,T,F,0
0e2c4b06-a24a-48e6-8dff-3d64e4ba2336,generate_mixed_tftt,Q2: Frank is rough.,F,F,1
0e2c4b06-a24a-48e6-8dff-3d64e4ba2336,generate_mixed_tftt,Q3: Frank is young.,T,T,1
0e2c4b06-a24a-48e6-8dff-3d64e4ba2336,generate_mixed_tftt,Q4: Frank is nice.,T,T,1
0e2c4b06-a24a-48e6-8dff-3d64e4ba2336,generate_mixed_tttf,Q1: Frank is cold.,T,F,0
0e2c4b06-a24a-48e6-8dff-3d64e4ba2336,generate_mixed_tttf,Q2: Frank is rough.,T,F,0
0e2c4b06-a24a-48e6-8dff-3d64e4ba2336,generate_mixed_tttf,Q3: Frank is young.,T,F,0
0e2c4b06-a24a-48e6-8dff-3d64e4ba2336,generate_mixed_tttf,Q4: Frank is nice.,F,F,1
0e2c4b06-a24a-48e6-8dff-3d64e4ba2336,generate_mixed_fftt,Q1: Frank is cold.,F,T,0
0e2c4b06-a24a-48e6-8dff-3d64e4ba2336,generate_mixed_fftt,Q2: Frank is rough.,F,T,0
0e2c4b06-a24a-48e6-8dff-3d64e4ba2336,generate_mixed_fftt,Q3: Frank is young.,T,T,1
0e2c4b06-a24a-48e6-8dff-3d64e4ba2336,generate_mixed_fftt,Q4: Frank is nice.,T,T,1
0e2c4b06-a24a-48e6-8dff-3d64e4ba2336,generate_mixed_fttt,Q1: Frank is cold.,F,F,1
0e2c4b06-a24a-48e6-8dff-3d64e4ba2336,generate_mixed_fttt,Q2: Frank is rough.,T,T,1
0e2c4b06-a24a-48e6-8dff-3d64e4ba2336,generate_mixed_fttt,Q3: Frank is young.,T,F,0
0e2c4b06-a24a-48e6-8dff-3d64e4ba2336,generate_mixed_fttt,Q4: Frank is nice.,T,F,0
c77ad8a6-cb3e-4612-9f2f-aa0e5de3341c,generate_mixed_ttff,Q1: Linda is cold.,T,F,0
c77ad8a6-cb3e-4612-9f2f-aa0e5de3341c,generate_mixed_ttff,Q2: Linda is rough.,T,F,0
c77ad8a6-cb3e-4612-9f2f-aa0e5de3341c,generate_mixed_ttff,Q3: Linda is young.,F,F,1
c77ad8a6-cb3e-4612-9f2f-aa0e5de3341c,generate_mixed_ttff,Q4: Linda is nice.,F,T,0
c77ad8a6-cb3e-4612-9f2f-aa0e5de3341c,generate_mixed_tftt,Q1: Linda is cold.,T,T,1
c77ad8a6-cb3e-4612-9f2f-aa0e5de3341c,generate_mixed_tftt,Q2: Linda is rough.,F,F,1
c77ad8a6-cb3e-4612-9f2f-aa0e5de3341c,generate_mixed_tftt,Q3: Linda is young.,T,T,1
c77ad8a6-cb3e-4612-9f2f-aa0e5de3341c,generate_mixed_tftt,Q4: Linda is nice.,T,T,1
c77ad8a6-cb3e-4612-9f2f-aa0e5de3341c,generate_mixed_tttf,Q1: Linda is cold.,T,F,0
c77ad8a6-cb3e-4612-9f2f-aa0e5de3341c,generate_mixed_tttf,Q2: Linda is rough.,T,F,0
c77ad8a6-cb3e-4612-9f2f-aa0e5de3341c,generate_mixed_tttf,Q3: Linda is young.,T,F,0
c77ad8a6-cb3e-4612-9f2f-aa0e5de3341c,generate_mixed_tttf,Q4: Linda is nice.,F,F,1
c77ad8a6-cb3e-4612-9f2f-aa0e5de3341c,generate_mixed_fftt,Q1: Linda is cold.,F,F,1
c77ad8a6-cb3e-4612-9f2f-aa0e5de3341c,generate_mixed_fftt,Q2: Linda is rough.,F,F,1
c77ad8a6-cb3e-4612-9f2f-aa0e5de3341c,generate_mixed_fftt,Q3: Linda is young.,T,T,1
c77ad8a6-cb3e-4612-9f2f-aa0e5de3341c,generate_mixed_fftt,Q4: Linda is nice.,T,T,1
c77ad8a6-cb3e-4612-9f2f-aa0e5de3341c,generate_mixed_fttt,Q1: Linda is cold.,F,F,1
c77ad8a6-cb3e-4612-9f2f-aa0e5de3341c,generate_mixed_fttt,Q2: Linda is rough.,T,F,0
c77ad8a6-cb3e-4612-9f2f-aa0e5de3341c,generate_mixed_fttt,Q3: Linda is young.,T,F,0
c77ad8a6-cb3e-4612-9f2f-aa0e5de3341c,generate_mixed_fttt,Q4: Linda is nice.,T,F,0
2fc43061-ccd7-4351-b5ec-d531c77092df,generate_mixed_ttff,Q1: Grace is cold.,T,F,0
2fc43061-ccd7-4351-b5ec-d531c77092df,generate_mixed_ttff,Q2: Grace is rough.,T,F,0
2fc43061-ccd7-4351-b5ec-d531c77092df,generate_mixed_ttff,Q3: Grace is young.,F,F,1
2fc43061-ccd7-4351-b5ec-d531c77092df,generate_mixed_ttff,Q4: Grace is nice.,F,F,1
2fc43061-ccd7-4351-b5ec-d531c77092df,generate_mixed_tftt,Q1: Grace is cold.,T,F,0
2fc43061-ccd7-4351-b5ec-d531c77092df,generate_mixed_tftt,Q2: Grace is rough.,F,F,1
2fc43061-ccd7-4351-b5ec-d531c77092df,generate_mixed_tftt,Q3: Grace is young.,T,T,1
2fc43061-ccd7-4351-b5ec-d531c77092df,generate_mixed_tftt,Q4: Grace is nice.,T,T,1
2fc43061-ccd7-4351-b5ec-d531c77092df,generate_mixed_tttf,Q1: Grace is cold.,T,F,0
2fc43061-ccd7-4351-b5ec-d531c77092df,generate_mixed_tttf,Q2: Grace is rough.,T,F,0
2fc43061-ccd7-4351-b5ec-d531c77092df,generate_mixed_tttf,Q3: Grace is young.,T,F,0
2fc43061-ccd7-4351-b5ec-d531c77092df,generate_mixed_tttf,Q4: Grace is nice.,F,F,1
2fc43061-ccd7-4351-b5ec-d531c77092df,generate_mixed_fftt,Q1: Grace is cold.,F,F,1
2fc43061-ccd7-4351-b5ec-d531c77092df,generate_mixed_fftt,Q2: Grace is rough.,F,F,1
2fc43061-ccd7-4351-b5ec-d531c77092df,generate_mixed_fftt,Q3: Grace is young.,T,T,1
2fc43061-ccd7-4351-b5ec-d531c77092df,generate_mixed_fftt,Q4: Grace is nice.,T,T,1
2fc43061-ccd7-4351-b5ec-d531c77092df,generate_mixed_fttt,Q1: Grace is cold.,F,F,1
2fc43061-ccd7-4351-b5ec-d531c77092df,generate_mixed_fttt,Q2: Grace is rough.,T,F,0
2fc43061-ccd7-4351-b5ec-d531c77092df,generate_mixed_fttt,Q3: Grace is young.,T,F,0
2fc43061-ccd7-4351-b5ec-d531c77092df,generate_mixed_fttt,Q4: Grace is nice.,T,F,0
333b8aa4-7f59-4db0-81ea-8bf5d283b984,generate_mixed_ttff,Q1: Julia is cold.,T,F,0
333b8aa4-7f59-4db0-81ea-8bf5d283b984,generate_mixed_ttff,Q2: Julia is rough.,T,F,0
333b8aa4-7f59-4db0-81ea-8bf5d283b984,generate_mixed_ttff,Q3: Julia is young.,F,F,1
333b8aa4-7f59-4db0-81ea-8bf5d283b984,generate_mixed_ttff,Q4: Julia is nice.,F,F,1
333b8aa4-7f59-4db0-81ea-8bf5d283b984,generate_mixed_tftt,Q1: Julia is cold.,T,T,1
333b8aa4-7f59-4db0-81ea-8bf5d283b984,generate_mixed_tftt,Q2: Julia is rough.,F,F,1
333b8aa4-7f59-4db0-81ea-8bf5d283b984,generate_mixed_tftt,Q3: Julia is young.,T,T,1
333b8aa4-7f59-4db0-81ea-8bf5d283b984,generate_mixed_tftt,Q4: Julia is nice.,T,T,1
333b8aa4-7f59-4db0-81ea-8bf5d283b984,generate_mixed_tttf,Q1: Julia is cold.,T,F,0
333b8aa4-7f59-4db0-81ea-8bf5d283b984,generate_mixed_tttf,Q2: Julia is rough.,T,F,0
333b8aa4-7f59-4db0-81ea-8bf5d283b984,generate_mixed_tttf,Q3: Julia is young.,T,F,0
333b8aa4-7f59-4db0-81ea-8bf5d283b984,generate_mixed_tttf,Q4: Julia is nice.,F,F,1
333b8aa4-7f59-4db0-81ea-8bf5d283b984,generate_mixed_fftt,Q1: Julia is cold.,F,T,0
333b8aa4-7f59-4db0-81ea-8bf5d283b984,generate_mixed_fftt,Q2: Julia is rough.,F,T,0
333b8aa4-7f59-4db0-81ea-8bf5d283b984,generate_mixed_fftt,Q3: Julia is young.,T,T,1
333b8aa4-7f59-4db0-81ea-8bf5d283b984,generate_mixed_fftt,Q4: Julia is nice.,T,T,1
333b8aa4-7f59-4db0-81ea-8bf5d283b984,generate_mixed_fttt,Q1: Julia is cold.,F,F,1
333b8aa4-7f59-4db0-81ea-8bf5d283b984,generate_mixed_fttt,Q2: Julia is rough.,T,T,1
333b8aa4-7f59-4db0-81ea-8bf5d283b984,generate_mixed_fttt,Q3: Julia is young.,T,F,0
333b8aa4-7f59-4db0-81ea-8bf5d283b984,generate_mixed_fttt,Q4: Julia is nice.,T,F,0
756e23b8-582b-4403-8fc9-a72ea0c3b5dc,generate_mixed_ttff,Q1: Oscar is cold.,T,F,0
756e23b8-582b-4403-8fc9-a72ea0c3b5dc,generate_mixed_ttff,Q2: Oscar is rough.,T,F,0
756e23b8-582b-4403-8fc9-a72ea0c3b5dc,generate_mixed_ttff,Q3: Oscar is young.,F,F,1
756e23b8-582b-4403-8fc9-a72ea0c3b5dc,generate_mixed_ttff,Q4: Oscar is nice.,F,F,1
756e23b8-582b-4403-8fc9-a72ea0c3b5dc,generate_mixed_tftt,Q1: Oscar is cold.,T,F,0
756e23b8-582b-4403-8fc9-a72ea0c3b5dc,generate_mixed_tftt,Q2: Oscar is rough.,F,F,1
756e23b8-582b-4403-8fc9-a72ea0c3b5dc,generate_mixed_tftt,Q3: Oscar is young.,T,T,1
756e23b8-582b-4403-8fc9-a72ea0c3b5dc,generate_mixed_tftt,Q4: Oscar is nice.,T,T,1
756e23b8-582b-4403-8fc9-a72ea0c3b5dc,generate_mixed_tttf,Q1: Oscar is cold.,T,F,0
756e23b8-582b-4403-8fc9-a72ea0c3b5dc,generate_mixed_tttf,Q2: Oscar is rough.,T,F,0
756e23b8-582b-4403-8fc9-a72ea0c3b5dc,generate_mixed_tttf,Q3: Oscar is young.,T,F,0
756e23b8-582b-4403-8fc9-a72ea0c3b5dc,generate_mixed_tttf,Q4: Oscar is nice.,F,F,1
756e23b8-582b-4403-8fc9-a72ea0c3b5dc,generate_mixed_fftt,Q1: Oscar is cold.,F,T,0
756e23b8-582b-4403-8fc9-a72ea0c3b5dc,generate_mixed_fftt,Q2: Oscar is rough.,F,T,0
756e23b8-582b-4403-8fc9-a72ea0c3b5dc,generate_mixed_fftt,Q3: Oscar is young.,T,T,1
756e23b8-582b-4403-8fc9-a72ea0c3b5dc,generate_mixed_fftt,Q4: Oscar is nice.,T,T,1
756e23b8-582b-4403-8fc9-a72ea0c3b5dc,generate_mixed_fttt,Q1: Oscar is cold.,F,F,1
756e23b8-582b-4403-8fc9-a72ea0c3b5dc,generate_mixed_fttt,Q2: Oscar is rough.,T,T,1
756e23b8-582b-4403-8fc9-a72ea0c3b5dc,generate_mixed_fttt,Q3: Oscar is young.,T,F,0
756e23b8-582b-4403-8fc9-a72ea0c3b5dc,generate_mixed_fttt,Q4: Oscar is nice.,T,F,0
2d8b3c98-5ce7-4288-abe1-91e5b61d4733,generate_mixed_ttff,Q1: Nancy is cold.,T,F,0
2d8b3c98-5ce7-4288-abe1-91e5b61d4733,generate_mixed_ttff,Q2: Nancy is rough.,T,F,0
2d8b3c98-5ce7-4288-abe1-91e5b61d4733,generate_mixed_ttff,Q3: Nancy is young.,F,F,1
2d8b3c98-5ce7-4288-abe1-91e5b61d4733,generate_mixed_ttff,Q4: Nancy is nice.,F,F,1
2d8b3c98-5ce7-4288-abe1-91e5b61d4733,generate_mixed_tftt,Q1: Nancy is cold.,T,T,1
2d8b3c98-5ce7-4288-abe1-91e5b61d4733,generate_mixed_tftt,Q2: Nancy is rough.,F,F,1
2d8b3c98-5ce7-4288-abe1-91e5b61d4733,generate_mixed_tftt,Q3: Nancy is young.,T,T,1
2d8b3c98-5ce7-4288-abe1-91e5b61d4733,generate_mixed_tftt,Q4: Nancy is nice.,T,T,1
2d8b3c98-5ce7-4288-abe1-91e5b61d4733,generate_mixed_tttf,Q1: Nancy is cold.,T,F,0
2d8b3c98-5ce7-4288-abe1-91e5b61d4733,generate_mixed_tttf,Q2: Nancy is rough.,T,F,0
2d8b3c98-5ce7-4288-abe1-91e5b61d4733,generate_mixed_tttf,Q3: Nancy is young.,T,F,0
2d8b3c98-5ce7-4288-abe1-91e5b61d4733,generate_mixed_tttf,Q4: Nancy is nice.,F,F,1
2d8b3c98-5ce7-4288-abe1-91e5b61d4733,generate_mixed_fftt,Q1: Nancy is cold.,F,T,0
2d8b3c98-5ce7-4288-abe1-91e5b61d4733,generate_mixed_fftt,Q2: Nancy is rough.,F,T,0
2d8b3c98-5ce7-4288-abe1-91e5b61d4733,generate_mixed_fftt,Q3: Nancy is young.,T,T,1
2d8b3c98-5ce7-4288-abe1-91e5b61d4733,generate_mixed_fftt,Q4: Nancy is nice.,T,T,1
2d8b3c98-5ce7-4288-abe1-91e5b61d4733,generate_mixed_fttt,Q1: Nancy is cold.,F,F,1
2d8b3c98-5ce7-4288-abe1-91e5b61d4733,generate_mixed_fttt,Q2: Nancy is rough.,T,T,1
2d8b3c98-5ce7-4288-abe1-91e5b61d4733,generate_mixed_fttt,Q3: Nancy is young.,T,F,0
2d8b3c98-5ce7-4288-abe1-91e5b61d4733,generate_mixed_fttt,Q4: Nancy is nice.,T,F,0
f6291948-3c1e-4537-bd6a-56fc08284687,generate_mixed_ttff,Q1: Emma is cold.,T,F,0
f6291948-3c1e-4537-bd6a-56fc08284687,generate_mixed_ttff,Q2: Emma is rough.,T,F,0
f6291948-3c1e-4537-bd6a-56fc08284687,generate_mixed_ttff,Q3: Emma is young.,F,F,1
f6291948-3c1e-4537-bd6a-56fc08284687,generate_mixed_ttff,Q4: Emma is nice.,F,T,0
f6291948-3c1e-4537-bd6a-56fc08284687,generate_mixed_tftt,Q1: Emma is cold.,T,T,1
f6291948-3c1e-4537-bd6a-56fc08284687,generate_mixed_tftt,Q2: Emma is rough.,F,F,1
f6291948-3c1e-4537-bd6a-56fc08284687,generate_mixed_tftt,Q3: Emma is young.,T,T,1
f6291948-3c1e-4537-bd6a-56fc08284687,generate_mixed_tftt,Q4: Emma is nice.,T,T,1
f6291948-3c1e-4537-bd6a-56fc08284687,generate_mixed_tttf,Q1: Emma is cold.,T,F,0
f6291948-3c1e-4537-bd6a-56fc08284687,generate_mixed_tttf,Q2: Emma is rough.,T,F,0
f6291948-3c1e-4537-bd6a-56fc08284687,generate_mixed_tttf,Q3: Emma is young.,T,F,0
f6291948-3c1e-4537-bd6a-56fc08284687,generate_mixed_tttf,Q4: Emma is nice.,F,F,1
f6291948-3c1e-4537-bd6a-56fc08284687,generate_mixed_fftt,Q1: Emma is cold.,F,F,1
f6291948-3c1e-4537-bd6a-56fc08284687,generate_mixed_fftt,Q2: Emma is rough.,F,F,1
f6291948-3c1e-4537-bd6a-56fc08284687,generate_mixed_fftt,Q3: Emma is young.,T,T,1
f6291948-3c1e-4537-bd6a-56fc08284687,generate_mixed_fftt,Q4: Emma is nice.,T,T,1
f6291948-3c1e-4537-bd6a-56fc08284687,generate_mixed_fttt,Q1: Emma is cold.,F,F,1
f6291948-3c1e-4537-bd6a-56fc08284687,generate_mixed_fttt,Q2: Emma is rough.,T,T,1
f6291948-3c1e-4537-bd6a-56fc08284687,generate_mixed_fttt,Q3: Emma is young.,T,F,0
f6291948-3c1e-4537-bd6a-56fc08284687,generate_mixed_fttt,Q4: Emma is nice.,T,F,0
d09eb2dc-c319-42c2-98c6-c807fdc9473b,generate_mixed_ttff,Q1: Kevin is cold.,T,F,0
d09eb2dc-c319-42c2-98c6-c807fdc9473b,generate_mixed_ttff,Q2: Kevin is rough.,T,F,0
d09eb2dc-c319-42c2-98c6-c807fdc9473b,generate_mixed_ttff,Q3: Kevin is young.,F,F,1
d09eb2dc-c319-42c2-98c6-c807fdc9473b,generate_mixed_ttff,Q4: Kevin is nice.,F,F,1
d09eb2dc-c319-42c2-98c6-c807fdc9473b,generate_mixed_tftt,Q1: Kevin is cold.,T,T,1
d09eb2dc-c319-42c2-98c6-c807fdc9473b,generate_mixed_tftt,Q2: Kevin is rough.,F,F,1
d09eb2dc-c319-42c2-98c6-c807fdc9473b,generate_mixed_tftt,Q3: Kevin is young.,T,T,1
d09eb2dc-c319-42c2-98c6-c807fdc9473b,generate_mixed_tftt,Q4: Kevin is nice.,T,T,1
d09eb2dc-c319-42c2-98c6-c807fdc9473b,generate_mixed_tttf,Q1: Kevin is cold.,T,F,0
d09eb2dc-c319-42c2-98c6-c807fdc9473b,generate_mixed_tttf,Q2: Kevin is rough.,T,F,0
d09eb2dc-c319-42c2-98c6-c807fdc9473b,generate_mixed_tttf,Q3: Kevin is young.,T,F,0
d09eb2dc-c319-42c2-98c6-c807fdc9473b,generate_mixed_tttf,Q4: Kevin is nice.,F,F,1
d09eb2dc-c319-42c2-98c6-c807fdc9473b,generate_mixed_fftt,Q1: Kevin is cold.,F,T,0
d09eb2dc-c319-42c2-98c6-c807fdc9473b,generate_mixed_fftt,Q2: Kevin is rough.,F,T,0
d09eb2dc-c319-42c2-98c6-c807fdc9473b,generate_mixed_fftt,Q3: Kevin is young.,T,T,1
d09eb2dc-c319-42c2-98c6-c807fdc9473b,generate_mixed_fftt,Q4: Kevin is nice.,T,T,1
d09eb2dc-c319-42c2-98c6-c807fdc9473b,generate_mixed_fttt,Q1: Kevin is cold.,F,F,1
d09eb2dc-c319-42c2-98c6-c807fdc9473b,generate_mixed_fttt,Q2: Kevin is rough.,T,T,1
d09eb2dc-c319-42c2-98c6-c807fdc9473b,generate_mixed_fttt,Q3: Kevin is young.,T,F,0
d09eb2dc-c319-42c2-98c6-c807fdc9473b,generate_mixed_fttt,Q4: Kevin is nice.,T,F,0
482fa785-a9a5-430d-b8dd-ac90e00944f9,generate_mixed_ttff,Q1: Grace is cold.,T,F,0
482fa785-a9a5-430d-b8dd-ac90e00944f9,generate_mixed_ttff,Q2: Grace is rough.,T,F,0
482fa785-a9a5-430d-b8dd-ac90e00944f9,generate_mixed_ttff,Q3: Grace is young.,F,F,1
482fa785-a9a5-430d-b8dd-ac90e00944f9,generate_mixed_ttff,Q4: Grace is nice.,F,F,1
482fa785-a9a5-430d-b8dd-ac90e00944f9,generate_mixed_tftt,Q1: Grace is cold.,T,F,0
482fa785-a9a5-430d-b8dd-ac90e00944f9,generate_mixed_tftt,Q2: Grace is rough.,F,F,1
482fa785-a9a5-430d-b8dd-ac90e00944f9,generate_mixed_tftt,Q3: Grace is young.,T,T,1
482fa785-a9a5-430d-b8dd-ac90e00944f9,generate_mixed_tftt,Q4: Grace is nice.,T,T,1
482fa785-a9a5-430d-b8dd-ac90e00944f9,generate_mixed_tttf,Q1: Grace is cold.,T,F,0
482fa785-a9a5-430d-b8dd-ac90e00944f9,generate_mixed_tttf,Q2: Grace is rough.,T,F,0
482fa785-a9a5-430d-b8dd-ac90e00944f9,generate_mixed_tttf,Q3: Grace is young.,T,F,0
482fa785-a9a5-430d-b8dd-ac90e00944f9,generate_mixed_tttf,Q4: Grace is nice.,F,F,1
482fa785-a9a5-430d-b8dd-ac90e00944f9,generate_mixed_fftt,Q1: Grace is cold.,F,F,1
482fa785-a9a5-430d-b8dd-ac90e00944f9,generate_mixed_fftt,Q2: Grace is rough.,F,F,1
482fa785-a9a5-430d-b8dd-ac90e00944f9,generate_mixed_fftt,Q3: Grace is young.,T,T,1
482fa785-a9a5-430d-b8dd-ac90e00944f9,generate_mixed_fftt,Q4: Grace is nice.,T,T,1
482fa785-a9a5-430d-b8dd-ac90e00944f9,generate_mixed_fttt,Q1: Grace is cold.,F,F,1
482fa785-a9a5-430d-b8dd-ac90e00944f9,generate_mixed_fttt,Q2: Grace is rough.,T,F,0
482fa785-a9a5-430d-b8dd-ac90e00944f9,generate_mixed_fttt,Q3: Grace is young.,T,F,0
482fa785-a9a5-430d-b8dd-ac90e00944f9,generate_mixed_fttt,Q4: Grace is nice.,T,F,0
b998dfc9-1397-407a-b50a-0b0333f7362e,generate_mixed_ttff,Q1: Kevin is cold.,T,F,0
b998dfc9-1397-407a-b50a-0b0333f7362e,generate_mixed_ttff,Q2: Kevin is rough.,T,F,0
b998dfc9-1397-407a-b50a-0b0333f7362e,generate_mixed_ttff,Q3: Kevin is young.,F,F,1
b998dfc9-1397-407a-b50a-0b0333f7362e,generate_mixed_ttff,Q4: Kevin is nice.,F,F,1
b998dfc9-1397-407a-b50a-0b0333f7362e,generate_mixed_tftt,Q1: Kevin is cold.,T,F,0
b998dfc9-1397-407a-b50a-0b0333f7362e,generate_mixed_tftt,Q2: Kevin is rough.,F,F,1
b998dfc9-1397-407a-b50a-0b0333f7362e,generate_mixed_tftt,Q3: Kevin is young.,T,T,1
b998dfc9-1397-407a-b50a-0b0333f7362e,generate_mixed_tftt,Q4: Kevin is nice.,T,T,1
b998dfc9-1397-407a-b50a-0b0333f7362e,generate_mixed_tttf,Q1: Kevin is cold.,T,F,0
b998dfc9-1397-407a-b50a-0b0333f7362e,generate_mixed_tttf,Q2: Kevin is rough.,T,F,0
b998dfc9-1397-407a-b50a-0b0333f7362e,generate_mixed_tttf,Q3: Kevin is young.,T,F,0
b998dfc9-1397-407a-b50a-0b0333f7362e,generate_mixed_tttf,Q4: Kevin is nice.,F,F,1
b998dfc9-1397-407a-b50a-0b0333f7362e,generate_mixed_fftt,Q1: Kevin is cold.,F,T,0
b998dfc9-1397-407a-b50a-0b0333f7362e,generate_mixed_fftt,Q2: Kevin is rough.,F,T,0
b998dfc9-1397-407a-b50a-0b0333f7362e,generate_mixed_fftt,Q3: Kevin is young.,T,T,1
b998dfc9-1397-407a-b50a-0b0333f7362e,generate_mixed_fftt,Q4: Kevin is nice.,T,T,1
b998dfc9-1397-407a-b50a-0b0333f7362e,generate_mixed_fttt,Q1: Kevin is cold.,F,F,1
b998dfc9-1397-407a-b50a-0b0333f7362e,generate_mixed_fttt,Q2: Kevin is rough.,T,T,1
b998dfc9-1397-407a-b50a-0b0333f7362e,generate_mixed_fttt,Q3: Kevin is young.,T,F,0
b998dfc9-1397-407a-b50a-0b0333f7362e,generate_mixed_fttt,Q4: Kevin is nice.,T,F,0
4fe60943-44c7-430d-9863-d91a8ab76883,generate_mixed_ttff,Q1: David is cold.,T,F,0
4fe60943-44c7-430d-9863-d91a8ab76883,generate_mixed_ttff,Q2: David is rough.,T,F,0
4fe60943-44c7-430d-9863-d91a8ab76883,generate_mixed_ttff,Q3: David is young.,F,F,1
4fe60943-44c7-430d-9863-d91a8ab76883,generate_mixed_ttff,Q4: David is nice.,F,F,1
4fe60943-44c7-430d-9863-d91a8ab76883,generate_mixed_tftt,Q1: David is cold.,T,T,1
4fe60943-44c7-430d-9863-d91a8ab76883,generate_mixed_tftt,Q2: David is rough.,F,F,1
4fe60943-44c7-430d-9863-d91a8ab76883,generate_mixed_tftt,Q3: David is young.,T,T,1
4fe60943-44c7-430d-9863-d91a8ab76883,generate_mixed_tftt,Q4: David is nice.,T,T,1
4fe60943-44c7-430d-9863-d91a8ab76883,generate_mixed_tttf,Q1: David is cold.,T,F,0
4fe60943-44c7-430d-9863-d91a8ab76883,generate_mixed_tttf,Q2: David is rough.,T,F,0
4fe60943-44c7-430d-9863-d91a8ab76883,generate_mixed_tttf,Q3: David is young.,T,F,0
4fe60943-44c7-430d-9863-d91a8ab76883,generate_mixed_tttf,Q4: David is nice.,F,F,1
4fe60943-44c7-430d-9863-d91a8ab76883,generate_mixed_fftt,Q1: David is cold.,F,T,0
4fe60943-44c7-430d-9863-d91a8ab76883,generate_mixed_fftt,Q2: David is rough.,F,T,0
4fe60943-44c7-430d-9863-d91a8ab76883,generate_mixed_fftt,Q3: David is young.,T,T,1
4fe60943-44c7-430d-9863-d91a8ab76883,generate_mixed_fftt,Q4: David is nice.,T,T,1
4fe60943-44c7-430d-9863-d91a8ab76883,generate_mixed_fttt,Q1: David is cold.,F,F,1
4fe60943-44c7-430d-9863-d91a8ab76883,generate_mixed_fttt,Q2: David is rough.,T,T,1
4fe60943-44c7-430d-9863-d91a8ab76883,generate_mixed_fttt,Q3: David is young.,T,F,0
4fe60943-44c7-430d-9863-d91a8ab76883,generate_mixed_fttt,Q4: David is nice.,T,F,0
63f2c833-c211-4055-bf91-60d9545eaf4c,generate_mixed_ttff,Q1: Mike is cold.,T,F,0
63f2c833-c211-4055-bf91-60d9545eaf4c,generate_mixed_ttff,Q2: Mike is rough.,T,F,0
63f2c833-c211-4055-bf91-60d9545eaf4c,generate_mixed_ttff,Q3: Mike is young.,F,F,1
63f2c833-c211-4055-bf91-60d9545eaf4c,generate_mixed_ttff,Q4: Mike is nice.,F,F,1
63f2c833-c211-4055-bf91-60d9545eaf4c,generate_mixed_tftt,Q1: Mike is cold.,T,T,1
63f2c833-c211-4055-bf91-60d9545eaf4c,generate_mixed_tftt,Q2: Mike is rough.,F,F,1
63f2c833-c211-4055-bf91-60d9545eaf4c,generate_mixed_tftt,Q3: Mike is young.,T,T,1
63f2c833-c211-4055-bf91-60d9545eaf4c,generate_mixed_tftt,Q4: Mike is nice.,T,T,1
63f2c833-c211-4055-bf91-60d9545eaf4c,generate_mixed_tttf,Q1: Mike is cold.,T,F,0
63f2c833-c211-4055-bf91-60d9545eaf4c,generate_mixed_tttf,Q2: Mike is rough.,T,F,0
63f2c833-c211-4055-bf91-60d9545eaf4c,generate_mixed_tttf,Q3: Mike is young.,T,F,0
63f2c833-c211-4055-bf91-60d9545eaf4c,generate_mixed_tttf,Q4: Mike is nice.,F,F,1
63f2c833-c211-4055-bf91-60d9545eaf4c,generate_mixed_fftt,Q1: Mike is cold.,F,T,0
63f2c833-c211-4055-bf91-60d9545eaf4c,generate_mixed_fftt,Q2: Mike is rough.,F,T,0
63f2c833-c211-4055-bf91-60d9545eaf4c,generate_mixed_fftt,Q3: Mike is young.,T,T,1
63f2c833-c211-4055-bf91-60d9545eaf4c,generate_mixed_fftt,Q4: Mike is nice.,T,T,1
63f2c833-c211-4055-bf91-60d9545eaf4c,generate_mixed_fttt,Q1: Mike is cold.,F,F,1
63f2c833-c211-4055-bf91-60d9545eaf4c,generate_mixed_fttt,Q2: Mike is rough.,T,T,1
63f2c833-c211-4055-bf91-60d9545eaf4c,generate_mixed_fttt,Q3: Mike is young.,T,F,0
63f2c833-c211-4055-bf91-60d9545eaf4c,generate_mixed_fttt,Q4: Mike is nice.,T,F,0
9944afd5-a3bd-4cf6-9d4d-ab714b7129ff,generate_mixed_ttff,Q1: David is cold.,T,F,0
9944afd5-a3bd-4cf6-9d4d-ab714b7129ff,generate_mixed_ttff,Q2: David is rough.,T,F,0
9944afd5-a3bd-4cf6-9d4d-ab714b7129ff,generate_mixed_ttff,Q3: David is young.,F,F,1
9944afd5-a3bd-4cf6-9d4d-ab714b7129ff,generate_mixed_ttff,Q4: David is nice.,F,F,1
9944afd5-a3bd-4cf6-9d4d-ab714b7129ff,generate_mixed_tftt,Q1: David is cold.,T,T,1
9944afd5-a3bd-4cf6-9d4d-ab714b7129ff,generate_mixed_tftt,Q2: David is rough.,F,F,1
9944afd5-a3bd-4cf6-9d4d-ab714b7129ff,generate_mixed_tftt,Q3: David is young.,T,T,1
9944afd5-a3bd-4cf6-9d4d-ab714b7129ff,generate_mixed_tftt,Q4: David is nice.,T,T,1
9944afd5-a3bd-4cf6-9d4d-ab714b7129ff,generate_mixed_tttf,Q1: David is cold.,T,F,0
9944afd5-a3bd-4cf6-9d4d-ab714b7129ff,generate_mixed_tttf,Q2: David is rough.,T,F,0
9944afd5-a3bd-4cf6-9d4d-ab714b7129ff,generate_mixed_tttf,Q3: David is young.,T,F,0
9944afd5-a3bd-4cf6-9d4d-ab714b7129ff,generate_mixed_tttf,Q4: David is nice.,F,F,1
9944afd5-a3bd-4cf6-9d4d-ab714b7129ff,generate_mixed_fftt,Q1: David is cold.,F,T,0
9944afd5-a3bd-4cf6-9d4d-ab714b7129ff,generate_mixed_fftt,Q2: David is rough.,F,T,0
9944afd5-a3bd-4cf6-9d4d-ab714b7129ff,generate_mixed_fftt,Q3: David is young.,T,T,1
9944afd5-a3bd-4cf6-9d4d-ab714b7129ff,generate_mixed_fftt,Q4: David is nice.,T,T,1
9944afd5-a3bd-4cf6-9d4d-ab714b7129ff,generate_mixed_fttt,Q1: David is cold.,F,F,1
9944afd5-a3bd-4cf6-9d4d-ab714b7129ff,generate_mixed_fttt,Q2: David is rough.,T,T,1
9944afd5-a3bd-4cf6-9d4d-ab714b7129ff,generate_mixed_fttt,Q3: David is young.,T,F,0
9944afd5-a3bd-4cf6-9d4d-ab714b7129ff,generate_mixed_fttt,Q4: David is nice.,T,F,0
6984f0b7-4c00-4ada-bb7c-0fda3f8e1084,generate_mixed_ttff,Q1: Helen is cold.,T,F,0
6984f0b7-4c00-4ada-bb7c-0fda3f8e1084,generate_mixed_ttff,Q2: Helen is rough.,T,F,0
6984f0b7-4c00-4ada-bb7c-0fda3f8e1084,generate_mixed_ttff,Q3: Helen is young.,F,F,1
6984f0b7-4c00-4ada-bb7c-0fda3f8e1084,generate_mixed_ttff,Q4: Helen is nice.,F,F,1
6984f0b7-4c00-4ada-bb7c-0fda3f8e1084,generate_mixed_tftt,Q1: Helen is cold.,T,F,0
6984f0b7-4c00-4ada-bb7c-0fda3f8e1084,generate_mixed_tftt,Q2: Helen is rough.,F,F,1
6984f0b7-4c00-4ada-bb7c-0fda3f8e1084,generate_mixed_tftt,Q3: Helen is young.,T,T,1
6984f0b7-4c00-4ada-bb7c-0fda3f8e1084,generate_mixed_tftt,Q4: Helen is nice.,T,T,1
6984f0b7-4c00-4ada-bb7c-0fda3f8e1084,generate_mixed_tttf,Q1: Helen is cold.,T,F,0
6984f0b7-4c00-4ada-bb7c-0fda3f8e1084,generate_mixed_tttf,Q2: Helen is rough.,T,F,0
6984f0b7-4c00-4ada-bb7c-0fda3f8e1084,generate_mixed_tttf,Q3: Helen is young.,T,F,0
6984f0b7-4c00-4ada-bb7c-0fda3f8e1084,generate_mixed_tttf,Q4: Helen is nice.,F,F,1
6984f0b7-4c00-4ada-bb7c-0fda3f8e1084,generate_mixed_fftt,Q1: Helen is cold.,F,T,0
6984f0b7-4c00-4ada-bb7c-0fda3f8e1084,generate_mixed_fftt,Q2: Helen is rough.,F,T,0
6984f0b7-4c00-4ada-bb7c-0fda3f8e1084,generate_mixed_fftt,Q3: Helen is young.,T,T,1
6984f0b7-4c00-4ada-bb7c-0fda3f8e1084,generate_mixed_fftt,Q4: Helen is nice.,T,T,1
6984f0b7-4c00-4ada-bb7c-0fda3f8e1084,generate_mixed_fttt,Q1: Helen is cold.,F,F,1
6984f0b7-4c00-4ada-bb7c-0fda3f8e1084,generate_mixed_fttt,Q2: Helen is rough.,T,T,1
6984f0b7-4c00-4ada-bb7c-0fda3f8e1084,generate_mixed_fttt,Q3: Helen is young.,T,F,0
6984f0b7-4c00-4ada-bb7c-0fda3f8e1084,generate_mixed_fttt,Q4: Helen is nice.,T,F,0
c178ac3a-a811-4389-86a6-5b4896fde7ac,generate_mixed_ttff,Q1: Claire is cold.,T,F,0
c178ac3a-a811-4389-86a6-5b4896fde7ac,generate_mixed_ttff,Q2: Claire is rough.,T,F,0
c178ac3a-a811-4389-86a6-5b4896fde7ac,generate_mixed_ttff,Q3: Claire is young.,F,F,1
c178ac3a-a811-4389-86a6-5b4896fde7ac,generate_mixed_ttff,Q4: Claire is nice.,F,F,1
c178ac3a-a811-4389-86a6-5b4896fde7ac,generate_mixed_tftt,Q1: Claire is cold.,T,T,1
c178ac3a-a811-4389-86a6-5b4896fde7ac,generate_mixed_tftt,Q2: Claire is rough.,F,F,1
c178ac3a-a811-4389-86a6-5b4896fde7ac,generate_mixed_tftt,Q3: Claire is young.,T,T,1
c178ac3a-a811-4389-86a6-5b4896fde7ac,generate_mixed_tftt,Q4: Claire is nice.,T,T,1
c178ac3a-a811-4389-86a6-5b4896fde7ac,generate_mixed_tttf,Q1: Claire is cold.,T,F,0
c178ac3a-a811-4389-86a6-5b4896fde7ac,generate_mixed_tttf,Q2: Claire is rough.,T,F,0
c178ac3a-a811-4389-86a6-5b4896fde7ac,generate_mixed_tttf,Q3: Claire is young.,T,F,0
c178ac3a-a811-4389-86a6-5b4896fde7ac,generate_mixed_tttf,Q4: Claire is nice.,F,F,1
c178ac3a-a811-4389-86a6-5b4896fde7ac,generate_mixed_fftt,Q1: Claire is cold.,F,T,0
c178ac3a-a811-4389-86a6-5b4896fde7ac,generate_mixed_fftt,Q2: Claire is rough.,F,T,0
c178ac3a-a811-4389-86a6-5b4896fde7ac,generate_mixed_fftt,Q3: Claire is young.,T,T,1
c178ac3a-a811-4389-86a6-5b4896fde7ac,generate_mixed_fftt,Q4: Claire is nice.,T,T,1
c178ac3a-a811-4389-86a6-5b4896fde7ac,generate_mixed_fttt,Q1: Claire is cold.,F,F,1
c178ac3a-a811-4389-86a6-5b4896fde7ac,generate_mixed_fttt,Q2: Claire is rough.,T,T,1
c178ac3a-a811-4389-86a6-5b4896fde7ac,generate_mixed_fttt,Q3: Claire is young.,T,F,0
c178ac3a-a811-4389-86a6-5b4896fde7ac,generate_mixed_fttt,Q4: Claire is nice.,T,F,0
1d665e6b-f9de-4d0e-b7fd-5ddfba8f0799,generate_mixed_ttff,Q1: Claire is cold.,T,F,0
1d665e6b-f9de-4d0e-b7fd-5ddfba8f0799,generate_mixed_ttff,Q2: Claire is rough.,T,F,0
1d665e6b-f9de-4d0e-b7fd-5ddfba8f0799,generate_mixed_ttff,Q3: Claire is young.,F,F,1
1d665e6b-f9de-4d0e-b7fd-5ddfba8f0799,generate_mixed_ttff,Q4: Claire is nice.,F,F,1
1d665e6b-f9de-4d0e-b7fd-5ddfba8f0799,generate_mixed_tftt,Q1: Claire is cold.,T,T,1
1d665e6b-f9de-4d0e-b7fd-5ddfba8f0799,generate_mixed_tftt,Q2: Claire is rough.,F,F,1
1d665e6b-f9de-4d0e-b7fd-5ddfba8f0799,generate_mixed_tftt,Q3: Claire is young.,T,T,1
1d665e6b-f9de-4d0e-b7fd-5ddfba8f0799,generate_mixed_tftt,Q4: Claire is nice.,T,T,1
1d665e6b-f9de-4d0e-b7fd-5ddfba8f0799,generate_mixed_tttf,Q1: Claire is cold.,T,F,0
1d665e6b-f9de-4d0e-b7fd-5ddfba8f0799,generate_mixed_tttf,Q2: Claire is rough.,T,F,0
1d665e6b-f9de-4d0e-b7fd-5ddfba8f0799,generate_mixed_tttf,Q3: Claire is young.,T,F,0
1d665e6b-f9de-4d0e-b7fd-5ddfba8f0799,generate_mixed_tttf,Q4: Claire is nice.,F,F,1
1d665e6b-f9de-4d0e-b7fd-5ddfba8f0799,generate_mixed_fftt,Q1: Claire is cold.,F,F,1
1d665e6b-f9de-4d0e-b7fd-5ddfba8f0799,generate_mixed_fftt,Q2: Claire is rough.,F,F,1
1d665e6b-f9de-4d0e-b7fd-5ddfba8f0799,generate_mixed_fftt,Q3: Claire is young.,T,T,1
1d665e6b-f9de-4d0e-b7fd-5ddfba8f0799,generate_mixed_fftt,Q4: Claire is nice.,T,T,1
1d665e6b-f9de-4d0e-b7fd-5ddfba8f0799,generate_mixed_fttt,Q1: Claire is cold.,F,F,1
1d665e6b-f9de-4d0e-b7fd-5ddfba8f0799,generate_mixed_fttt,Q2: Claire is rough.,T,T,1
1d665e6b-f9de-4d0e-b7fd-5ddfba8f0799,generate_mixed_fttt,Q3: Claire is young.,T,F,0
1d665e6b-f9de-4d0e-b7fd-5ddfba8f0799,generate_mixed_fttt,Q4: Claire is nice.,T,F,0
f0f0c89a-93c0-4c51-8728-16e724cf61a8,generate_mixed_ttff,Q1: Mike is cold.,T,F,0
f0f0c89a-93c0-4c51-8728-16e724cf61a8,generate_mixed_ttff,Q2: Mike is rough.,T,F,0
f0f0c89a-93c0-4c51-8728-16e724cf61a8,generate_mixed_ttff,Q3: Mike is young.,F,F,1
f0f0c89a-93c0-4c51-8728-16e724cf61a8,generate_mixed_ttff,Q4: Mike is nice.,F,F,1
f0f0c89a-93c0-4c51-8728-16e724cf61a8,generate_mixed_tftt,Q1: Mike is cold.,T,F,0
f0f0c89a-93c0-4c51-8728-16e724cf61a8,generate_mixed_tftt,Q2: Mike is rough.,F,F,1
f0f0c89a-93c0-4c51-8728-16e724cf61a8,generate_mixed_tftt,Q3: Mike is young.,T,T,1
f0f0c89a-93c0-4c51-8728-16e724cf61a8,generate_mixed_tftt,Q4: Mike is nice.,T,T,1
f0f0c89a-93c0-4c51-8728-16e724cf61a8,generate_mixed_tttf,Q1: Mike is cold.,T,F,0
f0f0c89a-93c0-4c51-8728-16e724cf61a8,generate_mixed_tttf,Q2: Mike is rough.,T,F,0
f0f0c89a-93c0-4c51-8728-16e724cf61a8,generate_mixed_tttf,Q3: Mike is young.,T,F,0
f0f0c89a-93c0-4c51-8728-16e724cf61a8,generate_mixed_tttf,Q4: Mike is nice.,F,F,1
f0f0c89a-93c0-4c51-8728-16e724cf61a8,generate_mixed_fftt,Q1: Mike is cold.,F,T,0
f0f0c89a-93c0-4c51-8728-16e724cf61a8,generate_mixed_fftt,Q2: Mike is rough.,F,T,0
f0f0c89a-93c0-4c51-8728-16e724cf61a8,generate_mixed_fftt,Q3: Mike is young.,T,T,1
f0f0c89a-93c0-4c51-8728-16e724cf61a8,generate_mixed_fftt,Q4: Mike is nice.,T,T,1
f0f0c89a-93c0-4c51-8728-16e724cf61a8,generate_mixed_fttt,Q1: Mike is cold.,F,F,1
f0f0c89a-93c0-4c51-8728-16e724cf61a8,generate_mixed_fttt,Q2: Mike is rough.,T,T,1
f0f0c89a-93c0-4c51-8728-16e724cf61a8,generate_mixed_fttt,Q3: Mike is young.,T,F,0
f0f0c89a-93c0-4c51-8728-16e724cf61a8,generate_mixed_fttt,Q4: Mike is nice.,T,F,0
4d625de6-120a-4fe1-95ce-be62fcb09a69,generate_mixed_ttff,Q1: Helen is cold.,T,F,0
4d625de6-120a-4fe1-95ce-be62fcb09a69,generate_mixed_ttff,Q2: Helen is rough.,T,F,0
4d625de6-120a-4fe1-95ce-be62fcb09a69,generate_mixed_ttff,Q3: Helen is young.,F,F,1
4d625de6-120a-4fe1-95ce-be62fcb09a69,generate_mixed_ttff,Q4: Helen is nice.,F,F,1
4d625de6-120a-4fe1-95ce-be62fcb09a69,generate_mixed_tftt,Q1: Helen is cold.,T,T,1
4d625de6-120a-4fe1-95ce-be62fcb09a69,generate_mixed_tftt,Q2: Helen is rough.,F,F,1
4d625de6-120a-4fe1-95ce-be62fcb09a69,generate_mixed_tftt,Q3: Helen is young.,T,T,1
4d625de6-120a-4fe1-95ce-be62fcb09a69,generate_mixed_tftt,Q4: Helen is nice.,T,T,1
4d625de6-120a-4fe1-95ce-be62fcb09a69,generate_mixed_tttf,Q1: Helen is cold.,T,F,0
4d625de6-120a-4fe1-95ce-be62fcb09a69,generate_mixed_tttf,Q2: Helen is rough.,T,F,0
4d625de6-120a-4fe1-95ce-be62fcb09a69,generate_mixed_tttf,Q3: Helen is young.,T,F,0
4d625de6-120a-4fe1-95ce-be62fcb09a69,generate_mixed_tttf,Q4: Helen is nice.,F,F,1
4d625de6-120a-4fe1-95ce-be62fcb09a69,generate_mixed_fftt,Q1: Helen is cold.,F,T,0
4d625de6-120a-4fe1-95ce-be62fcb09a69,generate_mixed_fftt,Q2: Helen is rough.,F,T,0
4d625de6-120a-4fe1-95ce-be62fcb09a69,generate_mixed_fftt,Q3: Helen is young.,T,T,1
4d625de6-120a-4fe1-95ce-be62fcb09a69,generate_mixed_fftt,Q4: Helen is nice.,T,T,1
4d625de6-120a-4fe1-95ce-be62fcb09a69,generate_mixed_fttt,Q1: Helen is cold.,F,F,1
4d625de6-120a-4fe1-95ce-be62fcb09a69,generate_mixed_fttt,Q2: Helen is rough.,T,T,1
4d625de6-120a-4fe1-95ce-be62fcb09a69,generate_mixed_fttt,Q3: Helen is young.,T,F,0
4d625de6-120a-4fe1-95ce-be62fcb09a69,generate_mixed_fttt,Q4: Helen is nice.,T,F,0
d88a44ae-55f8-428a-b7b9-a2804b707149,generate_mixed_ttff,Q1: Mike is cold.,T,F,0
d88a44ae-55f8-428a-b7b9-a2804b707149,generate_mixed_ttff,Q2: Mike is rough.,T,F,0
d88a44ae-55f8-428a-b7b9-a2804b707149,generate_mixed_ttff,Q3: Mike is young.,F,F,1
d88a44ae-55f8-428a-b7b9-a2804b707149,generate_mixed_ttff,Q4: Mike is nice.,F,F,1
d88a44ae-55f8-428a-b7b9-a2804b707149,generate_mixed_tftt,Q1: Mike is cold.,T,F,0
d88a44ae-55f8-428a-b7b9-a2804b707149,generate_mixed_tftt,Q2: Mike is rough.,F,F,1
d88a44ae-55f8-428a-b7b9-a2804b707149,generate_mixed_tftt,Q3: Mike is young.,T,T,1
d88a44ae-55f8-428a-b7b9-a2804b707149,generate_mixed_tftt,Q4: Mike is nice.,T,T,1
d88a44ae-55f8-428a-b7b9-a2804b707149,generate_mixed_tttf,Q1: Mike is cold.,T,F,0
d88a44ae-55f8-428a-b7b9-a2804b707149,generate_mixed_tttf,Q2: Mike is rough.,T,F,0
d88a44ae-55f8-428a-b7b9-a2804b707149,generate_mixed_tttf,Q3: Mike is young.,T,F,0
d88a44ae-55f8-428a-b7b9-a2804b707149,generate_mixed_tttf,Q4: Mike is nice.,F,F,1
d88a44ae-55f8-428a-b7b9-a2804b707149,generate_mixed_fftt,Q1: Mike is cold.,F,T,0
d88a44ae-55f8-428a-b7b9-a2804b707149,generate_mixed_fftt,Q2: Mike is rough.,F,T,0
d88a44ae-55f8-428a-b7b9-a2804b707149,generate_mixed_fftt,Q3: Mike is young.,T,T,1
d88a44ae-55f8-428a-b7b9-a2804b707149,generate_mixed_fftt,Q4: Mike is nice.,T,T,1
d88a44ae-55f8-428a-b7b9-a2804b707149,generate_mixed_fttt,Q1: Mike is cold.,F,F,1
d88a44ae-55f8-428a-b7b9-a2804b707149,generate_mixed_fttt,Q2: Mike is rough.,T,T,1
d88a44ae-55f8-428a-b7b9-a2804b707149,generate_mixed_fttt,Q3: Mike is young.,T,F,0
d88a44ae-55f8-428a-b7b9-a2804b707149,generate_mixed_fttt,Q4: Mike is nice.,T,F,0
0f3fd2a2-cfa3-40b2-84d6-eb16c813bcd9,generate_mixed_ttff,Q1: Oscar is cold.,T,F,0
0f3fd2a2-cfa3-40b2-84d6-eb16c813bcd9,generate_mixed_ttff,Q2: Oscar is rough.,T,F,0
0f3fd2a2-cfa3-40b2-84d6-eb16c813bcd9,generate_mixed_ttff,Q3: Oscar is young.,F,F,1
0f3fd2a2-cfa3-40b2-84d6-eb16c813bcd9,generate_mixed_ttff,Q4: Oscar is nice.,F,F,1
0f3fd2a2-cfa3-40b2-84d6-eb16c813bcd9,generate_mixed_tftt,Q1: Oscar is cold.,T,F,0
0f3fd2a2-cfa3-40b2-84d6-eb16c813bcd9,generate_mixed_tftt,Q2: Oscar is rough.,F,F,1
0f3fd2a2-cfa3-40b2-84d6-eb16c813bcd9,generate_mixed_tftt,Q3: Oscar is young.,T,T,1
0f3fd2a2-cfa3-40b2-84d6-eb16c813bcd9,generate_mixed_tftt,Q4: Oscar is nice.,T,T,1
0f3fd2a2-cfa3-40b2-84d6-eb16c813bcd9,generate_mixed_tttf,Q1: Oscar is cold.,T,F,0
0f3fd2a2-cfa3-40b2-84d6-eb16c813bcd9,generate_mixed_tttf,Q2: Oscar is rough.,T,F,0
0f3fd2a2-cfa3-40b2-84d6-eb16c813bcd9,generate_mixed_tttf,Q3: Oscar is young.,T,F,0
0f3fd2a2-cfa3-40b2-84d6-eb16c813bcd9,generate_mixed_tttf,Q4: Oscar is nice.,F,F,1
0f3fd2a2-cfa3-40b2-84d6-eb16c813bcd9,generate_mixed_fftt,Q1: Oscar is cold.,F,F,1
0f3fd2a2-cfa3-40b2-84d6-eb16c813bcd9,generate_mixed_fftt,Q2: Oscar is rough.,F,F,1
0f3fd2a2-cfa3-40b2-84d6-eb16c813bcd9,generate_mixed_fftt,Q3: Oscar is young.,T,T,1
0f3fd2a2-cfa3-40b2-84d6-eb16c813bcd9,generate_mixed_fftt,Q4: Oscar is nice.,T,T,1
0f3fd2a2-cfa3-40b2-84d6-eb16c813bcd9,generate_mixed_fttt,Q1: Oscar is cold.,F,F,1
0f3fd2a2-cfa3-40b2-84d6-eb16c813bcd9,generate_mixed_fttt,Q2: Oscar is rough.,T,T,1
0f3fd2a2-cfa3-40b2-84d6-eb16c813bcd9,generate_mixed_fttt,Q3: Oscar is young.,T,F,0
0f3fd2a2-cfa3-40b2-84d6-eb16c813bcd9,generate_mixed_fttt,Q4: Oscar is nice.,T,F,0
ad0e6136-890b-45b1-bc8f-dec1c47c0e66,generate_mixed_ttff,Q1: David is cold.,T,F,0
ad0e6136-890b-45b1-bc8f-dec1c47c0e66,generate_mixed_ttff,Q2: David is rough.,T,F,0
ad0e6136-890b-45b1-bc8f-dec1c47c0e66,generate_mixed_ttff,Q3: David is young.,F,F,1
ad0e6136-890b-45b1-bc8f-dec1c47c0e66,generate_mixed_ttff,Q4: David is nice.,F,F,1
ad0e6136-890b-45b1-bc8f-dec1c47c0e66,generate_mixed_tftt,Q1: David is cold.,T,T,1
ad0e6136-890b-45b1-bc8f-dec1c47c0e66,generate_mixed_tftt,Q2: David is rough.,F,F,1
ad0e6136-890b-45b1-bc8f-dec1c47c0e66,generate_mixed_tftt,Q3: David is young.,T,T,1
ad0e6136-890b-45b1-bc8f-dec1c47c0e66,generate_mixed_tftt,Q4: David is nice.,T,T,1
ad0e6136-890b-45b1-bc8f-dec1c47c0e66,generate_mixed_tttf,Q1: David is cold.,T,F,0
ad0e6136-890b-45b1-bc8f-dec1c47c0e66,generate_mixed_tttf,Q2: David is rough.,T,F,0
ad0e6136-890b-45b1-bc8f-dec1c47c0e66,generate_mixed_tttf,Q3: David is young.,T,F,0
ad0e6136-890b-45b1-bc8f-dec1c47c0e66,generate_mixed_tttf,Q4: David is nice.,F,F,1
ad0e6136-890b-45b1-bc8f-dec1c47c0e66,generate_mixed_fftt,Q1: David is cold.,F,T,0
ad0e6136-890b-45b1-bc8f-dec1c47c0e66,generate_mixed_fftt,Q2: David is rough.,F,T,0
ad0e6136-890b-45b1-bc8f-dec1c47c0e66,generate_mixed_fftt,Q3: David is young.,T,T,1
ad0e6136-890b-45b1-bc8f-dec1c47c0e66,generate_mixed_fftt,Q4: David is nice.,T,T,1
ad0e6136-890b-45b1-bc8f-dec1c47c0e66,generate_mixed_fttt,Q1: David is cold.,F,F,1
ad0e6136-890b-45b1-bc8f-dec1c47c0e66,generate_mixed_fttt,Q2: David is rough.,T,T,1
ad0e6136-890b-45b1-bc8f-dec1c47c0e66,generate_mixed_fttt,Q3: David is young.,T,F,0
ad0e6136-890b-45b1-bc8f-dec1c47c0e66,generate_mixed_fttt,Q4: David is nice.,T,F,0
560dc6c8-4fc2-48bc-8aa2-f65e47404ce7,generate_mixed_ttff,Q1: Kevin is cold.,T,F,0
560dc6c8-4fc2-48bc-8aa2-f65e47404ce7,generate_mixed_ttff,Q2: Kevin is rough.,T,F,0
560dc6c8-4fc2-48bc-8aa2-f65e47404ce7,generate_mixed_ttff,Q3: Kevin is young.,F,F,1
560dc6c8-4fc2-48bc-8aa2-f65e47404ce7,generate_mixed_ttff,Q4: Kevin is nice.,F,F,1
560dc6c8-4fc2-48bc-8aa2-f65e47404ce7,generate_mixed_tftt,Q1: Kevin is cold.,T,T,1
560dc6c8-4fc2-48bc-8aa2-f65e47404ce7,generate_mixed_tftt,Q2: Kevin is rough.,F,F,1
560dc6c8-4fc2-48bc-8aa2-f65e47404ce7,generate_mixed_tftt,Q3: Kevin is young.,T,T,1
560dc6c8-4fc2-48bc-8aa2-f65e47404ce7,generate_mixed_tftt,Q4: Kevin is nice.,T,T,1
560dc6c8-4fc2-48bc-8aa2-f65e47404ce7,generate_mixed_tttf,Q1: Kevin is cold.,T,F,0
560dc6c8-4fc2-48bc-8aa2-f65e47404ce7,generate_mixed_tttf,Q2: Kevin is rough.,T,F,0
560dc6c8-4fc2-48bc-8aa2-f65e47404ce7,generate_mixed_tttf,Q3: Kevin is young.,T,F,0
560dc6c8-4fc2-48bc-8aa2-f65e47404ce7,generate_mixed_tttf,Q4: Kevin is nice.,F,F,1
560dc6c8-4fc2-48bc-8aa2-f65e47404ce7,generate_mixed_fftt,Q1: Kevin is cold.,F,T,0
560dc6c8-4fc2-48bc-8aa2-f65e47404ce7,generate_mixed_fftt,Q2: Kevin is rough.,F,T,0
560dc6c8-4fc2-48bc-8aa2-f65e47404ce7,generate_mixed_fftt,Q3: Kevin is young.,T,T,1
560dc6c8-4fc2-48bc-8aa2-f65e47404ce7,generate_mixed_fftt,Q4: Kevin is nice.,T,T,1
560dc6c8-4fc2-48bc-8aa2-f65e47404ce7,generate_mixed_fttt,Q1: Kevin is cold.,F,F,1
560dc6c8-4fc2-48bc-8aa2-f65e47404ce7,generate_mixed_fttt,Q2: Kevin is rough.,T,T,1
560dc6c8-4fc2-48bc-8aa2-f65e47404ce7,generate_mixed_fttt,Q3: Kevin is young.,T,F,0
560dc6c8-4fc2-48bc-8aa2-f65e47404ce7,generate_mixed_fttt,Q4: Kevin is nice.,T,F,0
aa81efa2-68d1-4a67-be89-51da5b2ceae0,generate_mixed_ttff,Q1: Nancy is cold.,T,F,0
aa81efa2-68d1-4a67-be89-51da5b2ceae0,generate_mixed_ttff,Q2: Nancy is rough.,T,F,0
aa81efa2-68d1-4a67-be89-51da5b2ceae0,generate_mixed_ttff,Q3: Nancy is young.,F,F,1
aa81efa2-68d1-4a67-be89-51da5b2ceae0,generate_mixed_ttff,Q4: Nancy is nice.,F,F,1
aa81efa2-68d1-4a67-be89-51da5b2ceae0,generate_mixed_tftt,Q1: Nancy is cold.,T,T,1
aa81efa2-68d1-4a67-be89-51da5b2ceae0,generate_mixed_tftt,Q2: Nancy is rough.,F,F,1
aa81efa2-68d1-4a67-be89-51da5b2ceae0,generate_mixed_tftt,Q3: Nancy is young.,T,T,1
aa81efa2-68d1-4a67-be89-51da5b2ceae0,generate_mixed_tftt,Q4: Nancy is nice.,T,T,1
aa81efa2-68d1-4a67-be89-51da5b2ceae0,generate_mixed_tttf,Q1: Nancy is cold.,T,F,0
aa81efa2-68d1-4a67-be89-51da5b2ceae0,generate_mixed_tttf,Q2: Nancy is rough.,T,F,0
aa81efa2-68d1-4a67-be89-51da5b2ceae0,generate_mixed_tttf,Q3: Nancy is young.,T,F,0
aa81efa2-68d1-4a67-be89-51da5b2ceae0,generate_mixed_tttf,Q4: Nancy is nice.,F,F,1
aa81efa2-68d1-4a67-be89-51da5b2ceae0,generate_mixed_fftt,Q1: Nancy is cold.,F,T,0
aa81efa2-68d1-4a67-be89-51da5b2ceae0,generate_mixed_fftt,Q2: Nancy is rough.,F,T,0
aa81efa2-68d1-4a67-be89-51da5b2ceae0,generate_mixed_fftt,Q3: Nancy is young.,T,T,1
aa81efa2-68d1-4a67-be89-51da5b2ceae0,generate_mixed_fftt,Q4: Nancy is nice.,T,T,1
aa81efa2-68d1-4a67-be89-51da5b2ceae0,generate_mixed_fttt,Q1: Nancy is cold.,F,F,1
aa81efa2-68d1-4a67-be89-51da5b2ceae0,generate_mixed_fttt,Q2: Nancy is rough.,T,T,1
aa81efa2-68d1-4a67-be89-51da5b2ceae0,generate_mixed_fttt,Q3: Nancy is young.,T,F,0
aa81efa2-68d1-4a67-be89-51da5b2ceae0,generate_mixed_fttt,Q4: Nancy is nice.,T,F,0
f26edecc-18b1-4aa0-ac8a-22e7b8f8514a,generate_mixed_ttff,Q1: Anne is cold.,T,F,0
f26edecc-18b1-4aa0-ac8a-22e7b8f8514a,generate_mixed_ttff,Q2: Anne is rough.,T,F,0
f26edecc-18b1-4aa0-ac8a-22e7b8f8514a,generate_mixed_ttff,Q3: Anne is young.,F,F,1
f26edecc-18b1-4aa0-ac8a-22e7b8f8514a,generate_mixed_ttff,Q4: Anne is nice.,F,F,1
f26edecc-18b1-4aa0-ac8a-22e7b8f8514a,generate_mixed_tftt,Q1: Anne is cold.,T,T,1
f26edecc-18b1-4aa0-ac8a-22e7b8f8514a,generate_mixed_tftt,Q2: Anne is rough.,F,F,1
f26edecc-18b1-4aa0-ac8a-22e7b8f8514a,generate_mixed_tftt,Q3: Anne is young.,T,T,1
f26edecc-18b1-4aa0-ac8a-22e7b8f8514a,generate_mixed_tftt,Q4: Anne is nice.,T,T,1
f26edecc-18b1-4aa0-ac8a-22e7b8f8514a,generate_mixed_tttf,Q1: Anne is cold.,T,F,0
f26edecc-18b1-4aa0-ac8a-22e7b8f8514a,generate_mixed_tttf,Q2: Anne is rough.,T,F,0
f26edecc-18b1-4aa0-ac8a-22e7b8f8514a,generate_mixed_tttf,Q3: Anne is young.,T,F,0
f26edecc-18b1-4aa0-ac8a-22e7b8f8514a,generate_mixed_tttf,Q4: Anne is nice.,F,F,1
f26edecc-18b1-4aa0-ac8a-22e7b8f8514a,generate_mixed_fftt,Q1: Anne is cold.,F,T,0
f26edecc-18b1-4aa0-ac8a-22e7b8f8514a,generate_mixed_fftt,Q2: Anne is rough.,F,T,0
f26edecc-18b1-4aa0-ac8a-22e7b8f8514a,generate_mixed_fftt,Q3: Anne is young.,T,T,1
f26edecc-18b1-4aa0-ac8a-22e7b8f8514a,generate_mixed_fftt,Q4: Anne is nice.,T,T,1
f26edecc-18b1-4aa0-ac8a-22e7b8f8514a,generate_mixed_fttt,Q1: Anne is cold.,F,F,1
f26edecc-18b1-4aa0-ac8a-22e7b8f8514a,generate_mixed_fttt,Q2: Anne is rough.,T,T,1
f26edecc-18b1-4aa0-ac8a-22e7b8f8514a,generate_mixed_fttt,Q3: Anne is young.,T,F,0
f26edecc-18b1-4aa0-ac8a-22e7b8f8514a,generate_mixed_fttt,Q4: Anne is nice.,T,F,0
fa66a09c-c406-4477-94bc-c39bc5bfcee6,generate_mixed_ttff,Q1: Grace is cold.,T,F,0
fa66a09c-c406-4477-94bc-c39bc5bfcee6,generate_mixed_ttff,Q2: Grace is rough.,T,F,0
fa66a09c-c406-4477-94bc-c39bc5bfcee6,generate_mixed_ttff,Q3: Grace is young.,F,F,1
fa66a09c-c406-4477-94bc-c39bc5bfcee6,generate_mixed_ttff,Q4: Grace is nice.,F,F,1
fa66a09c-c406-4477-94bc-c39bc5bfcee6,generate_mixed_tftt,Q1: Grace is cold.,T,F,0
fa66a09c-c406-4477-94bc-c39bc5bfcee6,generate_mixed_tftt,Q2: Grace is rough.,F,F,1
fa66a09c-c406-4477-94bc-c39bc5bfcee6,generate_mixed_tftt,Q3: Grace is young.,T,T,1
fa66a09c-c406-4477-94bc-c39bc5bfcee6,generate_mixed_tftt,Q4: Grace is nice.,T,T,1
fa66a09c-c406-4477-94bc-c39bc5bfcee6,generate_mixed_tttf,Q1: Grace is cold.,T,F,0
fa66a09c-c406-4477-94bc-c39bc5bfcee6,generate_mixed_tttf,Q2: Grace is rough.,T,F,0
fa66a09c-c406-4477-94bc-c39bc5bfcee6,generate_mixed_tttf,Q3: Grace is young.,T,F,0
fa66a09c-c406-4477-94bc-c39bc5bfcee6,generate_mixed_tttf,Q4: Grace is nice.,F,F,1
fa66a09c-c406-4477-94bc-c39bc5bfcee6,generate_mixed_fftt,Q1: Grace is cold.,F,F,1
fa66a09c-c406-4477-94bc-c39bc5bfcee6,generate_mixed_fftt,Q2: Grace is rough.,F,F,1
fa66a09c-c406-4477-94bc-c39bc5bfcee6,generate_mixed_fftt,Q3: Grace is young.,T,T,1
fa66a09c-c406-4477-94bc-c39bc5bfcee6,generate_mixed_fftt,Q4: Grace is nice.,T,T,1
fa66a09c-c406-4477-94bc-c39bc5bfcee6,generate_mixed_fttt,Q1: Grace is cold.,F,F,1
fa66a09c-c406-4477-94bc-c39bc5bfcee6,generate_mixed_fttt,Q2: Grace is rough.,T,F,0
fa66a09c-c406-4477-94bc-c39bc5bfcee6,generate_mixed_fttt,Q3: Grace is young.,T,F,0
fa66a09c-c406-4477-94bc-c39bc5bfcee6,generate_mixed_fttt,Q4: Grace is nice.,T,F,0
36ae863f-e849-4a3a-8f64-7ee79f8aae69,generate_mixed_ttff,Q1: Frank is cold.,T,F,0
36ae863f-e849-4a3a-8f64-7ee79f8aae69,generate_mixed_ttff,Q2: Frank is rough.,T,F,0
36ae863f-e849-4a3a-8f64-7ee79f8aae69,generate_mixed_ttff,Q3: Frank is young.,F,F,1
36ae863f-e849-4a3a-8f64-7ee79f8aae69,generate_mixed_ttff,Q4: Frank is nice.,F,F,1
36ae863f-e849-4a3a-8f64-7ee79f8aae69,generate_mixed_tftt,Q1: Frank is cold.,T,F,0
36ae863f-e849-4a3a-8f64-7ee79f8aae69,generate_mixed_tftt,Q2: Frank is rough.,F,F,1
36ae863f-e849-4a3a-8f64-7ee79f8aae69,generate_mixed_tftt,Q3: Frank is young.,T,T,1
36ae863f-e849-4a3a-8f64-7ee79f8aae69,generate_mixed_tftt,Q4: Frank is nice.,T,T,1
36ae863f-e849-4a3a-8f64-7ee79f8aae69,generate_mixed_tttf,Q1: Frank is cold.,T,F,0
36ae863f-e849-4a3a-8f64-7ee79f8aae69,generate_mixed_tttf,Q2: Frank is rough.,T,F,0
36ae863f-e849-4a3a-8f64-7ee79f8aae69,generate_mixed_tttf,Q3: Frank is young.,T,F,0
36ae863f-e849-4a3a-8f64-7ee79f8aae69,generate_mixed_tttf,Q4: Frank is nice.,F,F,1
36ae863f-e849-4a3a-8f64-7ee79f8aae69,generate_mixed_fftt,Q1: Frank is cold.,F,T,0
36ae863f-e849-4a3a-8f64-7ee79f8aae69,generate_mixed_fftt,Q2: Frank is rough.,F,T,0
36ae863f-e849-4a3a-8f64-7ee79f8aae69,generate_mixed_fftt,Q3: Frank is young.,T,T,1
36ae863f-e849-4a3a-8f64-7ee79f8aae69,generate_mixed_fftt,Q4: Frank is nice.,T,T,1
36ae863f-e849-4a3a-8f64-7ee79f8aae69,generate_mixed_fttt,Q1: Frank is cold.,F,F,1
36ae863f-e849-4a3a-8f64-7ee79f8aae69,generate_mixed_fttt,Q2: Frank is rough.,T,T,1
36ae863f-e849-4a3a-8f64-7ee79f8aae69,generate_mixed_fttt,Q3: Frank is young.,T,F,0
36ae863f-e849-4a3a-8f64-7ee79f8aae69,generate_mixed_fttt,Q4: Frank is nice.,T,F,0
5a8fc6f2-c8c8-4095-87f0-33d27ba4b9e2,generate_mixed_ttff,Q1: David is cold.,T,F,0
5a8fc6f2-c8c8-4095-87f0-33d27ba4b9e2,generate_mixed_ttff,Q2: David is rough.,T,F,0
5a8fc6f2-c8c8-4095-87f0-33d27ba4b9e2,generate_mixed_ttff,Q3: David is young.,F,F,1
5a8fc6f2-c8c8-4095-87f0-33d27ba4b9e2,generate_mixed_ttff,Q4: David is nice.,F,F,1
5a8fc6f2-c8c8-4095-87f0-33d27ba4b9e2,generate_mixed_tftt,Q1: David is cold.,T,F,0
5a8fc6f2-c8c8-4095-87f0-33d27ba4b9e2,generate_mixed_tftt,Q2: David is rough.,F,F,1
5a8fc6f2-c8c8-4095-87f0-33d27ba4b9e2,generate_mixed_tftt,Q3: David is young.,T,T,1
5a8fc6f2-c8c8-4095-87f0-33d27ba4b9e2,generate_mixed_tftt,Q4: David is nice.,T,T,1
5a8fc6f2-c8c8-4095-87f0-33d27ba4b9e2,generate_mixed_tttf,Q1: David is cold.,T,F,0
5a8fc6f2-c8c8-4095-87f0-33d27ba4b9e2,generate_mixed_tttf,Q2: David is rough.,T,F,0
5a8fc6f2-c8c8-4095-87f0-33d27ba4b9e2,generate_mixed_tttf,Q3: David is young.,T,F,0
5a8fc6f2-c8c8-4095-87f0-33d27ba4b9e2,generate_mixed_tttf,Q4: David is nice.,F,F,1
5a8fc6f2-c8c8-4095-87f0-33d27ba4b9e2,generate_mixed_fftt,Q1: David is cold.,F,T,0
5a8fc6f2-c8c8-4095-87f0-33d27ba4b9e2,generate_mixed_fftt,Q2: David is rough.,F,T,0
5a8fc6f2-c8c8-4095-87f0-33d27ba4b9e2,generate_mixed_fftt,Q3: David is young.,T,T,1
5a8fc6f2-c8c8-4095-87f0-33d27ba4b9e2,generate_mixed_fftt,Q4: David is nice.,T,T,1
5a8fc6f2-c8c8-4095-87f0-33d27ba4b9e2,generate_mixed_fttt,Q1: David is cold.,F,F,1
5a8fc6f2-c8c8-4095-87f0-33d27ba4b9e2,generate_mixed_fttt,Q2: David is rough.,T,T,1
5a8fc6f2-c8c8-4095-87f0-33d27ba4b9e2,generate_mixed_fttt,Q3: David is young.,T,F,0
5a8fc6f2-c8c8-4095-87f0-33d27ba4b9e2,generate_mixed_fttt,Q4: David is nice.,T,F,0
95d39279-e61c-43d5-860d-df89de3cad5b,generate_mixed_ttff,Q1: Julia is cold.,T,F,0
95d39279-e61c-43d5-860d-df89de3cad5b,generate_mixed_ttff,Q2: Julia is rough.,T,F,0
95d39279-e61c-43d5-860d-df89de3cad5b,generate_mixed_ttff,Q3: Julia is young.,F,F,1
95d39279-e61c-43d5-860d-df89de3cad5b,generate_mixed_ttff,Q4: Julia is nice.,F,F,1
95d39279-e61c-43d5-860d-df89de3cad5b,generate_mixed_tftt,Q1: Julia is cold.,T,F,0
95d39279-e61c-43d5-860d-df89de3cad5b,generate_mixed_tftt,Q2: Julia is rough.,F,F,1
95d39279-e61c-43d5-860d-df89de3cad5b,generate_mixed_tftt,Q3: Julia is young.,T,T,1
95d39279-e61c-43d5-860d-df89de3cad5b,generate_mixed_tftt,Q4: Julia is nice.,T,T,1
95d39279-e61c-43d5-860d-df89de3cad5b,generate_mixed_tttf,Q1: Julia is cold.,T,F,0
95d39279-e61c-43d5-860d-df89de3cad5b,generate_mixed_tttf,Q2: Julia is rough.,T,F,0
95d39279-e61c-43d5-860d-df89de3cad5b,generate_mixed_tttf,Q3: Julia is young.,T,F,0
95d39279-e61c-43d5-860d-df89de3cad5b,generate_mixed_tttf,Q4: Julia is nice.,F,F,1
95d39279-e61c-43d5-860d-df89de3cad5b,generate_mixed_fftt,Q1: Julia is cold.,F,T,0
95d39279-e61c-43d5-860d-df89de3cad5b,generate_mixed_fftt,Q2: Julia is rough.,F,T,0
95d39279-e61c-43d5-860d-df89de3cad5b,generate_mixed_fftt,Q3: Julia is young.,T,T,1
95d39279-e61c-43d5-860d-df89de3cad5b,generate_mixed_fftt,Q4: Julia is nice.,T,T,1
95d39279-e61c-43d5-860d-df89de3cad5b,generate_mixed_fttt,Q1: Julia is cold.,F,F,1
95d39279-e61c-43d5-860d-df89de3cad5b,generate_mixed_fttt,Q2: Julia is rough.,T,T,1
95d39279-e61c-43d5-860d-df89de3cad5b,generate_mixed_fttt,Q3: Julia is young.,T,F,0
95d39279-e61c-43d5-860d-df89de3cad5b,generate_mixed_fttt,Q4: Julia is nice.,T,F,0
bc9bf1b0-75c5-4325-b684-ec8e422077cf,generate_mixed_ttff,Q1: Emma is cold.,T,F,0
bc9bf1b0-75c5-4325-b684-ec8e422077cf,generate_mixed_ttff,Q2: Emma is rough.,T,F,0
bc9bf1b0-75c5-4325-b684-ec8e422077cf,generate_mixed_ttff,Q3: Emma is young.,F,F,1
bc9bf1b0-75c5-4325-b684-ec8e422077cf,generate_mixed_ttff,Q4: Emma is nice.,F,T,0
bc9bf1b0-75c5-4325-b684-ec8e422077cf,generate_mixed_tftt,Q1: Emma is cold.,T,T,1
bc9bf1b0-75c5-4325-b684-ec8e422077cf,generate_mixed_tftt,Q2: Emma is rough.,F,F,1
bc9bf1b0-75c5-4325-b684-ec8e422077cf,generate_mixed_tftt,Q3: Emma is young.,T,T,1
bc9bf1b0-75c5-4325-b684-ec8e422077cf,generate_mixed_tftt,Q4: Emma is nice.,T,T,1
bc9bf1b0-75c5-4325-b684-ec8e422077cf,generate_mixed_tttf,Q1: Emma is cold.,T,F,0
bc9bf1b0-75c5-4325-b684-ec8e422077cf,generate_mixed_tttf,Q2: Emma is rough.,T,F,0
bc9bf1b0-75c5-4325-b684-ec8e422077cf,generate_mixed_tttf,Q3: Emma is young.,T,F,0
bc9bf1b0-75c5-4325-b684-ec8e422077cf,generate_mixed_tttf,Q4: Emma is nice.,F,F,1
bc9bf1b0-75c5-4325-b684-ec8e422077cf,generate_mixed_fftt,Q1: Emma is cold.,F,F,1
bc9bf1b0-75c5-4325-b684-ec8e422077cf,generate_mixed_fftt,Q2: Emma is rough.,F,F,1
bc9bf1b0-75c5-4325-b684-ec8e422077cf,generate_mixed_fftt,Q3: Emma is young.,T,T,1
bc9bf1b0-75c5-4325-b684-ec8e422077cf,generate_mixed_fftt,Q4: Emma is nice.,T,T,1
bc9bf1b0-75c5-4325-b684-ec8e422077cf,generate_mixed_fttt,Q1: Emma is cold.,F,F,1
bc9bf1b0-75c5-4325-b684-ec8e422077cf,generate_mixed_fttt,Q2: Emma is rough.,T,T,1
bc9bf1b0-75c5-4325-b684-ec8e422077cf,generate_mixed_fttt,Q3: Emma is young.,T,F,0
bc9bf1b0-75c5-4325-b684-ec8e422077cf,generate_mixed_fttt,Q4: Emma is nice.,T,F,0
1722b648-9b06-455f-a232-7c723f606e1f,generate_mixed_ttff,Q1: Kevin is cold.,T,F,0
1722b648-9b06-455f-a232-7c723f606e1f,generate_mixed_ttff,Q2: Kevin is rough.,T,F,0
1722b648-9b06-455f-a232-7c723f606e1f,generate_mixed_ttff,Q3: Kevin is young.,F,F,1
1722b648-9b06-455f-a232-7c723f606e1f,generate_mixed_ttff,Q4: Kevin is nice.,F,F,1
1722b648-9b06-455f-a232-7c723f606e1f,generate_mixed_tftt,Q1: Kevin is cold.,T,T,1
1722b648-9b06-455f-a232-7c723f606e1f,generate_mixed_tftt,Q2: Kevin is rough.,F,F,1
1722b648-9b06-455f-a232-7c723f606e1f,generate_mixed_tftt,Q3: Kevin is young.,T,T,1
1722b648-9b06-455f-a232-7c723f606e1f,generate_mixed_tftt,Q4: Kevin is nice.,T,T,1
1722b648-9b06-455f-a232-7c723f606e1f,generate_mixed_tttf,Q1: Kevin is cold.,T,F,0
1722b648-9b06-455f-a232-7c723f606e1f,generate_mixed_tttf,Q2: Kevin is rough.,T,F,0
1722b648-9b06-455f-a232-7c723f606e1f,generate_mixed_tttf,Q3: Kevin is young.,T,F,0
1722b648-9b06-455f-a232-7c723f606e1f,generate_mixed_tttf,Q4: Kevin is nice.,F,F,1
1722b648-9b06-455f-a232-7c723f606e1f,generate_mixed_fftt,Q1: Kevin is cold.,F,T,0
1722b648-9b06-455f-a232-7c723f606e1f,generate_mixed_fftt,Q2: Kevin is rough.,F,T,0
1722b648-9b06-455f-a232-7c723f606e1f,generate_mixed_fftt,Q3: Kevin is young.,T,T,1
1722b648-9b06-455f-a232-7c723f606e1f,generate_mixed_fftt,Q4: Kevin is nice.,T,T,1
1722b648-9b06-455f-a232-7c723f606e1f,generate_mixed_fttt,Q1: Kevin is cold.,F,F,1
1722b648-9b06-455f-a232-7c723f606e1f,generate_mixed_fttt,Q2: Kevin is rough.,T,T,1
1722b648-9b06-455f-a232-7c723f606e1f,generate_mixed_fttt,Q3: Kevin is young.,T,F,0
1722b648-9b06-455f-a232-7c723f606e1f,generate_mixed_fttt,Q4: Kevin is nice.,T,F,0
2ef0a274-c6ff-4a2a-994b-42f78da8dd43,generate_mixed_ttff,Q1: David is cold.,T,F,0
2ef0a274-c6ff-4a2a-994b-42f78da8dd43,generate_mixed_ttff,Q2: David is rough.,T,F,0
2ef0a274-c6ff-4a2a-994b-42f78da8dd43,generate_mixed_ttff,Q3: David is young.,F,F,1
2ef0a274-c6ff-4a2a-994b-42f78da8dd43,generate_mixed_ttff,Q4: David is nice.,F,F,1
2ef0a274-c6ff-4a2a-994b-42f78da8dd43,generate_mixed_tftt,Q1: David is cold.,T,T,1
2ef0a274-c6ff-4a2a-994b-42f78da8dd43,generate_mixed_tftt,Q2: David is rough.,F,F,1
2ef0a274-c6ff-4a2a-994b-42f78da8dd43,generate_mixed_tftt,Q3: David is young.,T,T,1
2ef0a274-c6ff-4a2a-994b-42f78da8dd43,generate_mixed_tftt,Q4: David is nice.,T,T,1
2ef0a274-c6ff-4a2a-994b-42f78da8dd43,generate_mixed_tttf,Q1: David is cold.,T,F,0
2ef0a274-c6ff-4a2a-994b-42f78da8dd43,generate_mixed_tttf,Q2: David is rough.,T,F,0
2ef0a274-c6ff-4a2a-994b-42f78da8dd43,generate_mixed_tttf,Q3: David is young.,T,F,0
2ef0a274-c6ff-4a2a-994b-42f78da8dd43,generate_mixed_tttf,Q4: David is nice.,F,F,1
2ef0a274-c6ff-4a2a-994b-42f78da8dd43,generate_mixed_fftt,Q1: David is cold.,F,T,0
2ef0a274-c6ff-4a2a-994b-42f78da8dd43,generate_mixed_fftt,Q2: David is rough.,F,T,0
2ef0a274-c6ff-4a2a-994b-42f78da8dd43,generate_mixed_fftt,Q3: David is young.,T,T,1
2ef0a274-c6ff-4a2a-994b-42f78da8dd43,generate_mixed_fftt,Q4: David is nice.,T,T,1
2ef0a274-c6ff-4a2a-994b-42f78da8dd43,generate_mixed_fttt,Q1: David is cold.,F,F,1
2ef0a274-c6ff-4a2a-994b-42f78da8dd43,generate_mixed_fttt,Q2: David is rough.,T,T,1
2ef0a274-c6ff-4a2a-994b-42f78da8dd43,generate_mixed_fttt,Q3: David is young.,T,F,0
2ef0a274-c6ff-4a2a-994b-42f78da8dd43,generate_mixed_fttt,Q4: David is nice.,T,F,0
b935c3ee-b691-4ed3-90da-cfb0c77a219c,generate_mixed_ttff,Q1: Julia is cold.,T,F,0
b935c3ee-b691-4ed3-90da-cfb0c77a219c,generate_mixed_ttff,Q2: Julia is rough.,T,F,0
b935c3ee-b691-4ed3-90da-cfb0c77a219c,generate_mixed_ttff,Q3: Julia is young.,F,F,1
b935c3ee-b691-4ed3-90da-cfb0c77a219c,generate_mixed_ttff,Q4: Julia is nice.,F,F,1
b935c3ee-b691-4ed3-90da-cfb0c77a219c,generate_mixed_tftt,Q1: Julia is cold.,T,F,0
b935c3ee-b691-4ed3-90da-cfb0c77a219c,generate_mixed_tftt,Q2: Julia is rough.,F,F,1
b935c3ee-b691-4ed3-90da-cfb0c77a219c,generate_mixed_tftt,Q3: Julia is young.,T,T,1
b935c3ee-b691-4ed3-90da-cfb0c77a219c,generate_mixed_tftt,Q4: Julia is nice.,T,T,1
b935c3ee-b691-4ed3-90da-cfb0c77a219c,generate_mixed_tttf,Q1: Julia is cold.,T,F,0
b935c3ee-b691-4ed3-90da-cfb0c77a219c,generate_mixed_tttf,Q2: Julia is rough.,T,F,0
b935c3ee-b691-4ed3-90da-cfb0c77a219c,generate_mixed_tttf,Q3: Julia is young.,T,F,0
b935c3ee-b691-4ed3-90da-cfb0c77a219c,generate_mixed_tttf,Q4: Julia is nice.,F,F,1
b935c3ee-b691-4ed3-90da-cfb0c77a219c,generate_mixed_fftt,Q1: Julia is cold.,F,T,0
b935c3ee-b691-4ed3-90da-cfb0c77a219c,generate_mixed_fftt,Q2: Julia is rough.,F,T,0
b935c3ee-b691-4ed3-90da-cfb0c77a219c,generate_mixed_fftt,Q3: Julia is young.,T,T,1
b935c3ee-b691-4ed3-90da-cfb0c77a219c,generate_mixed_fftt,Q4: Julia is nice.,T,T,1
b935c3ee-b691-4ed3-90da-cfb0c77a219c,generate_mixed_fttt,Q1: Julia is cold.,F,F,1
b935c3ee-b691-4ed3-90da-cfb0c77a219c,generate_mixed_fttt,Q2: Julia is rough.,T,T,1
b935c3ee-b691-4ed3-90da-cfb0c77a219c,generate_mixed_fttt,Q3: Julia is young.,T,F,0
b935c3ee-b691-4ed3-90da-cfb0c77a219c,generate_mixed_fttt,Q4: Julia is nice.,T,F,0
71b0c564-3531-468a-ae66-1ca2b2f0e5f3,generate_mixed_ttff,Q1: Frank is cold.,T,F,0
71b0c564-3531-468a-ae66-1ca2b2f0e5f3,generate_mixed_ttff,Q2: Frank is rough.,T,F,0
71b0c564-3531-468a-ae66-1ca2b2f0e5f3,generate_mixed_ttff,Q3: Frank is young.,F,F,1
71b0c564-3531-468a-ae66-1ca2b2f0e5f3,generate_mixed_ttff,Q4: Frank is nice.,F,F,1
71b0c564-3531-468a-ae66-1ca2b2f0e5f3,generate_mixed_tftt,Q1: Frank is cold.,T,F,0
71b0c564-3531-468a-ae66-1ca2b2f0e5f3,generate_mixed_tftt,Q2: Frank is rough.,F,F,1
71b0c564-3531-468a-ae66-1ca2b2f0e5f3,generate_mixed_tftt,Q3: Frank is young.,T,T,1
71b0c564-3531-468a-ae66-1ca2b2f0e5f3,generate_mixed_tftt,Q4: Frank is nice.,T,T,1
71b0c564-3531-468a-ae66-1ca2b2f0e5f3,generate_mixed_tttf,Q1: Frank is cold.,T,F,0
71b0c564-3531-468a-ae66-1ca2b2f0e5f3,generate_mixed_tttf,Q2: Frank is rough.,T,F,0
71b0c564-3531-468a-ae66-1ca2b2f0e5f3,generate_mixed_tttf,Q3: Frank is young.,T,F,0
71b0c564-3531-468a-ae66-1ca2b2f0e5f3,generate_mixed_tttf,Q4: Frank is nice.,F,F,1
71b0c564-3531-468a-ae66-1ca2b2f0e5f3,generate_mixed_fftt,Q1: Frank is cold.,F,T,0
71b0c564-3531-468a-ae66-1ca2b2f0e5f3,generate_mixed_fftt,Q2: Frank is rough.,F,T,0
71b0c564-3531-468a-ae66-1ca2b2f0e5f3,generate_mixed_fftt,Q3: Frank is young.,T,T,1
71b0c564-3531-468a-ae66-1ca2b2f0e5f3,generate_mixed_fftt,Q4: Frank is nice.,T,T,1
71b0c564-3531-468a-ae66-1ca2b2f0e5f3,generate_mixed_fttt,Q1: Frank is cold.,F,F,1
71b0c564-3531-468a-ae66-1ca2b2f0e5f3,generate_mixed_fttt,Q2: Frank is rough.,T,T,1
71b0c564-3531-468a-ae66-1ca2b2f0e5f3,generate_mixed_fttt,Q3: Frank is young.,T,F,0
71b0c564-3531-468a-ae66-1ca2b2f0e5f3,generate_mixed_fttt,Q4: Frank is nice.,T,F,0
f44ad97d-4fba-46cf-9464-97f03c670792,generate_mixed_ttff,Q1: Linda is cold.,T,F,0
f44ad97d-4fba-46cf-9464-97f03c670792,generate_mixed_ttff,Q2: Linda is rough.,T,F,0
f44ad97d-4fba-46cf-9464-97f03c670792,generate_mixed_ttff,Q3: Linda is young.,F,F,1
f44ad97d-4fba-46cf-9464-97f03c670792,generate_mixed_ttff,Q4: Linda is nice.,F,T,0
f44ad97d-4fba-46cf-9464-97f03c670792,generate_mixed_tftt,Q1: Linda is cold.,T,T,1
f44ad97d-4fba-46cf-9464-97f03c670792,generate_mixed_tftt,Q2: Linda is rough.,F,F,1
f44ad97d-4fba-46cf-9464-97f03c670792,generate_mixed_tftt,Q3: Linda is young.,T,T,1
f44ad97d-4fba-46cf-9464-97f03c670792,generate_mixed_tftt,Q4: Linda is nice.,T,T,1
f44ad97d-4fba-46cf-9464-97f03c670792,generate_mixed_tttf,Q1: Linda is cold.,T,F,0
f44ad97d-4fba-46cf-9464-97f03c670792,generate_mixed_tttf,Q2: Linda is rough.,T,F,0
f44ad97d-4fba-46cf-9464-97f03c670792,generate_mixed_tttf,Q3: Linda is young.,T,F,0
f44ad97d-4fba-46cf-9464-97f03c670792,generate_mixed_tttf,Q4: Linda is nice.,F,F,1
f44ad97d-4fba-46cf-9464-97f03c670792,generate_mixed_fftt,Q1: Linda is cold.,F,F,1
f44ad97d-4fba-46cf-9464-97f03c670792,generate_mixed_fftt,Q2: Linda is rough.,F,F,1
f44ad97d-4fba-46cf-9464-97f03c670792,generate_mixed_fftt,Q3: Linda is young.,T,T,1
f44ad97d-4fba-46cf-9464-97f03c670792,generate_mixed_fftt,Q4: Linda is nice.,T,T,1
f44ad97d-4fba-46cf-9464-97f03c670792,generate_mixed_fttt,Q1: Linda is cold.,F,F,1
f44ad97d-4fba-46cf-9464-97f03c670792,generate_mixed_fttt,Q2: Linda is rough.,T,F,0
f44ad97d-4fba-46cf-9464-97f03c670792,generate_mixed_fttt,Q3: Linda is young.,T,F,0
f44ad97d-4fba-46cf-9464-97f03c670792,generate_mixed_fttt,Q4: Linda is nice.,T,F,0
