group_id,type,facts,rules,questions,answers,equiv_laws_used
7982f3d9-8146-41d1-813c-b09130ae8045,base_positive,Anne is yellow or red,If someone is yellow then they are cold. | If someone is red then they are cold. | If someone is cold then they are rough. | If someone is not young then they are not rough. | If someone is young then they are cold. | If someone is young then they are nice.,Q1: Anne is cold. | Q2: Anne is rough. | Q3: Anne is young. | Q4: Anne is nice.,T | T | T | T,
7982f3d9-8146-41d1-813c-b09130ae8045,base_negative,Anne is yellow or red,If someone is yellow then they are cold. | If someone is red then they are cold. | If someone is cold then they are rough. | If someone is not young then they are not rough. | If someone is young then they are cold. | If someone is young then they are nice.,Q1: Anne is not cold. | Q2: Anne is not rough. | Q3: Anne is kind. | Q4: Anne is blue.,F | F | F | F,
ea7e2cb9-1dcd-42e7-a54e-5da2ed4ed847,base_positive,Anne is blue or yellow,If someone is blue then they are cold. | If someone is yellow then they are cold. | If someone is cold then they are rough. | If someone is not young then they are not rough. | If someone is young then they are cold. | If someone is young then they are nice.,Q1: Anne is cold. | Q2: Anne is rough. | Q3: Anne is young. | Q4: Anne is nice.,T | T | T | T,
ea7e2cb9-1dcd-42e7-a54e-5da2ed4ed847,base_negative,Anne is blue or yellow,If someone is blue then they are cold. | If someone is yellow then they are cold. | If someone is cold then they are rough. | If someone is not young then they are not rough. | If someone is young then they are cold. | If someone is young then they are nice.,Q1: Anne is not cold. | Q2: Anne is not rough. | Q3: Anne is sad. | Q4: Anne is green.,F | F | F | F,
50b44494-1038-49bb-9195-621b1c221ded,base_positive,David is green or red,If someone is green then they are cold. | If someone is red then they are cold. | If someone is cold then they are rough. | If someone is not young then they are not rough. | If someone is young then they are cold. | If someone is young then they are nice.,Q1: David is cold. | Q2: David is rough. | Q3: David is young. | Q4: David is nice.,T | T | T | T,
50b44494-1038-49bb-9195-621b1c221ded,base_negative,David is green or red,If someone is green then they are cold. | If someone is red then they are cold. | If someone is cold then they are rough. | If someone is not young then they are not rough. | If someone is young then they are cold. | If someone is young then they are nice.,Q1: David is not cold. | Q2: David is not rough. | Q3: David is happy. | Q4: David is blue.,F | F | F | F,
dc7c2dc6-4045-484c-95cc-7e7414d499b7,base_positive,Helen is blue or red,If someone is blue then they are cold. | If someone is red then they are cold. | If someone is cold then they are rough. | If someone is not young then they are not rough. | If someone is young then they are cold. | If someone is young then they are nice.,Q1: Helen is cold. | Q2: Helen is rough. | Q3: Helen is young. | Q4: Helen is nice.,T | T | T | T,
dc7c2dc6-4045-484c-95cc-7e7414d499b7,base_negative,Helen is blue or red,If someone is blue then they are cold. | If someone is red then they are cold. | If someone is cold then they are rough. | If someone is not young then they are not rough. | If someone is young then they are cold. | If someone is young then they are nice.,Q1: Helen is not cold. | Q2: Helen is not rough. | Q3: Helen is mean. | Q4: Helen is yellow.,F | F | F | F,
be23861b-84bf-438a-ac03-6e6adf2fb21d,base_positive,David is green or red,If someone is green then they are cold. | If someone is red then they are cold. | If someone is cold then they are rough. | If someone is not young then they are not rough. | If someone is young then they are cold. | If someone is young then they are nice.,Q1: David is cold. | Q2: David is rough. | Q3: David is young. | Q4: David is nice.,T | T | T | T,
be23861b-84bf-438a-ac03-6e6adf2fb21d,base_negative,David is green or red,If someone is green then they are cold. | If someone is red then they are cold. | If someone is cold then they are rough. | If someone is not young then they are not rough. | If someone is young then they are cold. | If someone is young then they are nice.,Q1: David is not cold. | Q2: David is not rough. | Q3: David is kind. | Q4: David is blue.,F | F | F | F,
7b1ff05b-8cdd-44f5-8a6e-89399980af91,base_positive,Helen is blue or red,If someone is blue then they are cold. | If someone is red then they are cold. | If someone is cold then they are rough. | If someone is not young then they are not rough. | If someone is young then they are cold. | If someone is young then they are nice.,Q1: Helen is cold. | Q2: Helen is rough. | Q3: Helen is young. | Q4: Helen is nice.,T | T | T | T,
7b1ff05b-8cdd-44f5-8a6e-89399980af91,base_negative,Helen is blue or red,If someone is blue then they are cold. | If someone is red then they are cold. | If someone is cold then they are rough. | If someone is not young then they are not rough. | If someone is young then they are cold. | If someone is young then they are nice.,Q1: Helen is not cold. | Q2: Helen is not rough. | Q3: Helen is kind. | Q4: Helen is yellow.,F | F | F | F,
bc8e3d50-2856-4c0d-aec3-08fad8475cec,base_positive,David is red or blue,If someone is red then they are cold. | If someone is blue then they are cold. | If someone is cold then they are rough. | If someone is not young then they are not rough. | If someone is young then they are cold. | If someone is young then they are nice.,Q1: David is cold. | Q2: David is rough. | Q3: David is young. | Q4: David is nice.,T | T | T | T,
bc8e3d50-2856-4c0d-aec3-08fad8475cec,base_negative,David is red or blue,If someone is red then they are cold. | If someone is blue then they are cold. | If someone is cold then they are rough. | If someone is not young then they are not rough. | If someone is young then they are cold. | If someone is young then they are nice.,Q1: David is not cold. | Q2: David is not rough. | Q3: David is short. | Q4: David is yellow.,F | F | F | F,
0a60f526-a5f3-4434-92d6-1c41ac489374,base_positive,Bob is blue or red,If someone is blue then they are cold. | If someone is red then they are cold. | If someone is cold then they are rough. | If someone is not young then they are not rough. | If someone is young then they are cold. | If someone is young then they are nice.,Q1: Bob is cold. | Q2: Bob is rough. | Q3: Bob is young. | Q4: Bob is nice.,T | T | T | T,
0a60f526-a5f3-4434-92d6-1c41ac489374,base_negative,Bob is blue or red,If someone is blue then they are cold. | If someone is red then they are cold. | If someone is cold then they are rough. | If someone is not young then they are not rough. | If someone is young then they are cold. | If someone is young then they are nice.,Q1: Bob is not cold. | Q2: Bob is not rough. | Q3: Bob is short. | Q4: Bob is yellow.,F | F | F | F,
0f52c9bb-b91b-4a59-a833-d27976311159,base_positive,Helen is blue or red,If someone is blue then they are cold. | If someone is red then they are cold. | If someone is cold then they are rough. | If someone is not young then they are not rough. | If someone is young then they are cold. | If someone is young then they are nice.,Q1: Helen is cold. | Q2: Helen is rough. | Q3: Helen is young. | Q4: Helen is nice.,T | T | T | T,
0f52c9bb-b91b-4a59-a833-d27976311159,base_negative,Helen is blue or red,If someone is blue then they are cold. | If someone is red then they are cold. | If someone is cold then they are rough. | If someone is not young then they are not rough. | If someone is young then they are cold. | If someone is young then they are nice.,Q1: Helen is not cold. | Q2: Helen is not rough. | Q3: Helen is happy. | Q4: Helen is green.,F | F | F | F,
cdea1a1b-b379-4f5e-a2ae-7bcaea6b43a7,base_positive,David is blue or green,If someone is blue then they are cold. | If someone is green then they are cold. | If someone is cold then they are rough. | If someone is not young then they are not rough. | If someone is young then they are cold. | If someone is young then they are nice.,Q1: David is cold. | Q2: David is rough. | Q3: David is young. | Q4: David is nice.,T | T | T | T,
cdea1a1b-b379-4f5e-a2ae-7bcaea6b43a7,base_negative,David is blue or green,If someone is blue then they are cold. | If someone is green then they are cold. | If someone is cold then they are rough. | If someone is not young then they are not rough. | If someone is young then they are cold. | If someone is young then they are nice.,Q1: David is not cold. | Q2: David is not rough. | Q3: David is kind. | Q4: David is red.,F | F | F | F,
e00bb2df-0e9d-4305-b61d-d0d14151103c,base_positive,Helen is yellow or red,If someone is yellow then they are cold. | If someone is red then they are cold. | If someone is cold then they are rough. | If someone is not young then they are not rough. | If someone is young then they are cold. | If someone is young then they are nice.,Q1: Helen is cold. | Q2: Helen is rough. | Q3: Helen is young. | Q4: Helen is nice.,T | T | T | T,
e00bb2df-0e9d-4305-b61d-d0d14151103c,base_negative,Helen is yellow or red,If someone is yellow then they are cold. | If someone is red then they are cold. | If someone is cold then they are rough. | If someone is not young then they are not rough. | If someone is young then they are cold. | If someone is young then they are nice.,Q1: Helen is not cold. | Q2: Helen is not rough. | Q3: Helen is tall. | Q4: Helen is blue.,F | F | F | F,
a8183c5e-307c-4870-98fb-e818e05b3ebd,base_positive,Claire is blue or yellow,If someone is blue then they are cold. | If someone is yellow then they are cold. | If someone is cold then they are rough. | If someone is not young then they are not rough. | If someone is young then they are cold. | If someone is young then they are nice.,Q1: Claire is cold. | Q2: Claire is rough. | Q3: Claire is young. | Q4: Claire is nice.,T | T | T | T,
a8183c5e-307c-4870-98fb-e818e05b3ebd,base_negative,Claire is blue or yellow,If someone is blue then they are cold. | If someone is yellow then they are cold. | If someone is cold then they are rough. | If someone is not young then they are not rough. | If someone is young then they are cold. | If someone is young then they are nice.,Q1: Claire is not cold. | Q2: Claire is not rough. | Q3: Claire is happy. | Q4: Claire is green.,F | F | F | F,
31eebc1a-7c9a-4c7f-bfa5-e36896650d91,base_positive,Anne is yellow or blue,If someone is yellow then they are cold. | If someone is blue then they are cold. | If someone is cold then they are rough. | If someone is not young then they are not rough. | If someone is young then they are cold. | If someone is young then they are nice.,Q1: Anne is cold. | Q2: Anne is rough. | Q3: Anne is young. | Q4: Anne is nice.,T | T | T | T,
31eebc1a-7c9a-4c7f-bfa5-e36896650d91,base_negative,Anne is yellow or blue,If someone is yellow then they are cold. | If someone is blue then they are cold. | If someone is cold then they are rough. | If someone is not young then they are not rough. | If someone is young then they are cold. | If someone is young then they are nice.,Q1: Anne is not cold. | Q2: Anne is not rough. | Q3: Anne is tall. | Q4: Anne is red.,F | F | F | F,
4e42ffa9-7743-433c-977a-a119b469d635,base_positive,Grace is red or blue,If someone is red then they are cold. | If someone is blue then they are cold. | If someone is cold then they are rough. | If someone is not young then they are not rough. | If someone is young then they are cold. | If someone is young then they are nice.,Q1: Grace is cold. | Q2: Grace is rough. | Q3: Grace is young. | Q4: Grace is nice.,T | T | T | T,
4e42ffa9-7743-433c-977a-a119b469d635,base_negative,Grace is red or blue,If someone is red then they are cold. | If someone is blue then they are cold. | If someone is cold then they are rough. | If someone is not young then they are not rough. | If someone is young then they are cold. | If someone is young then they are nice.,Q1: Grace is not cold. | Q2: Grace is not rough. | Q3: Grace is kind. | Q4: Grace is yellow.,F | F | F | F,
2fa51242-f705-4008-8439-f294db2f5e60,base_positive,Frank is red or green,If someone is red then they are cold. | If someone is green then they are cold. | If someone is cold then they are rough. | If someone is not young then they are not rough. | If someone is young then they are cold. | If someone is young then they are nice.,Q1: Frank is cold. | Q2: Frank is rough. | Q3: Frank is young. | Q4: Frank is nice.,T | T | T | T,
2fa51242-f705-4008-8439-f294db2f5e60,base_negative,Frank is red or green,If someone is red then they are cold. | If someone is green then they are cold. | If someone is cold then they are rough. | If someone is not young then they are not rough. | If someone is young then they are cold. | If someone is young then they are nice.,Q1: Frank is not cold. | Q2: Frank is not rough. | Q3: Frank is mean. | Q4: Frank is blue.,F | F | F | F,
54861e81-d178-4a35-99b6-6a0f02495e96,base_positive,Helen is green or blue,If someone is green then they are cold. | If someone is blue then they are cold. | If someone is cold then they are rough. | If someone is not young then they are not rough. | If someone is young then they are cold. | If someone is young then they are nice.,Q1: Helen is cold. | Q2: Helen is rough. | Q3: Helen is young. | Q4: Helen is nice.,T | T | T | T,
54861e81-d178-4a35-99b6-6a0f02495e96,base_negative,Helen is green or blue,If someone is green then they are cold. | If someone is blue then they are cold. | If someone is cold then they are rough. | If someone is not young then they are not rough. | If someone is young then they are cold. | If someone is young then they are nice.,Q1: Helen is not cold. | Q2: Helen is not rough. | Q3: Helen is mean. | Q4: Helen is red.,F | F | F | F,
c3988185-284a-46ba-9ee2-a0cce8389aa9,base_positive,Anne is green or yellow,If someone is green then they are cold. | If someone is yellow then they are cold. | If someone is cold then they are rough. | If someone is not young then they are not rough. | If someone is young then they are cold. | If someone is young then they are nice.,Q1: Anne is cold. | Q2: Anne is rough. | Q3: Anne is young. | Q4: Anne is nice.,T | T | T | T,
c3988185-284a-46ba-9ee2-a0cce8389aa9,base_negative,Anne is green or yellow,If someone is green then they are cold. | If someone is yellow then they are cold. | If someone is cold then they are rough. | If someone is not young then they are not rough. | If someone is young then they are cold. | If someone is young then they are nice.,Q1: Anne is not cold. | Q2: Anne is not rough. | Q3: Anne is kind. | Q4: Anne is blue.,F | F | F | F,
e84e3f8c-4caf-495a-952f-82c850953864,base_positive,Bob is green or yellow,If someone is green then they are cold. | If someone is yellow then they are cold. | If someone is cold then they are rough. | If someone is not young then they are not rough. | If someone is young then they are cold. | If someone is young then they are nice.,Q1: Bob is cold. | Q2: Bob is rough. | Q3: Bob is young. | Q4: Bob is nice.,T | T | T | T,
e84e3f8c-4caf-495a-952f-82c850953864,base_negative,Bob is green or yellow,If someone is green then they are cold. | If someone is yellow then they are cold. | If someone is cold then they are rough. | If someone is not young then they are not rough. | If someone is young then they are cold. | If someone is young then they are nice.,Q1: Bob is not cold. | Q2: Bob is not rough. | Q3: Bob is short. | Q4: Bob is red.,F | F | F | F,
3f4aa1fd-473f-4fc8-b336-77d0a607fcfe,base_positive,David is red or green,If someone is red then they are cold. | If someone is green then they are cold. | If someone is cold then they are rough. | If someone is not young then they are not rough. | If someone is young then they are cold. | If someone is young then they are nice.,Q1: David is cold. | Q2: David is rough. | Q3: David is young. | Q4: David is nice.,T | T | T | T,
3f4aa1fd-473f-4fc8-b336-77d0a607fcfe,base_negative,David is red or green,If someone is red then they are cold. | If someone is green then they are cold. | If someone is cold then they are rough. | If someone is not young then they are not rough. | If someone is young then they are cold. | If someone is young then they are nice.,Q1: David is not cold. | Q2: David is not rough. | Q3: David is happy. | Q4: David is blue.,F | F | F | F,
777f3e4e-2314-4797-8ddc-d320e6430765,base_positive,Bob is green or yellow,If someone is green then they are cold. | If someone is yellow then they are cold. | If someone is cold then they are rough. | If someone is not young then they are not rough. | If someone is young then they are cold. | If someone is young then they are nice.,Q1: Bob is cold. | Q2: Bob is rough. | Q3: Bob is young. | Q4: Bob is nice.,T | T | T | T,
777f3e4e-2314-4797-8ddc-d320e6430765,base_negative,Bob is green or yellow,If someone is green then they are cold. | If someone is yellow then they are cold. | If someone is cold then they are rough. | If someone is not young then they are not rough. | If someone is young then they are cold. | If someone is young then they are nice.,Q1: Bob is not cold. | Q2: Bob is not rough. | Q3: Bob is kind. | Q4: Bob is red.,F | F | F | F,
f6e7d468-deae-4cd3-a0e2-215b41202a80,base_positive,Grace is red or green,If someone is red then they are cold. | If someone is green then they are cold. | If someone is cold then they are rough. | If someone is not young then they are not rough. | If someone is young then they are cold. | If someone is young then they are nice.,Q1: Grace is cold. | Q2: Grace is rough. | Q3: Grace is young. | Q4: Grace is nice.,T | T | T | T,
f6e7d468-deae-4cd3-a0e2-215b41202a80,base_negative,Grace is red or green,If someone is red then they are cold. | If someone is green then they are cold. | If someone is cold then they are rough. | If someone is not young then they are not rough. | If someone is young then they are cold. | If someone is young then they are nice.,Q1: Grace is not cold. | Q2: Grace is not rough. | Q3: Grace is happy. | Q4: Grace is yellow.,F | F | F | F,
cdfe6217-b40a-4f4c-8f6d-0928b7028dbe,base_positive,Anne is blue or green,If someone is blue then they are cold. | If someone is green then they are cold. | If someone is cold then they are rough. | If someone is not young then they are not rough. | If someone is young then they are cold. | If someone is young then they are nice.,Q1: Anne is cold. | Q2: Anne is rough. | Q3: Anne is young. | Q4: Anne is nice.,T | T | T | T,
cdfe6217-b40a-4f4c-8f6d-0928b7028dbe,base_negative,Anne is blue or green,If someone is blue then they are cold. | If someone is green then they are cold. | If someone is cold then they are rough. | If someone is not young then they are not rough. | If someone is young then they are cold. | If someone is young then they are nice.,Q1: Anne is not cold. | Q2: Anne is not rough. | Q3: Anne is tall. | Q4: Anne is yellow.,F | F | F | F,
73101d51-1c6a-435f-83b2-eead2b006fd6,base_positive,Bob is red or blue,If someone is red then they are cold. | If someone is blue then they are cold. | If someone is cold then they are rough. | If someone is not young then they are not rough. | If someone is young then they are cold. | If someone is young then they are nice.,Q1: Bob is cold. | Q2: Bob is rough. | Q3: Bob is young. | Q4: Bob is nice.,T | T | T | T,
73101d51-1c6a-435f-83b2-eead2b006fd6,base_negative,Bob is red or blue,If someone is red then they are cold. | If someone is blue then they are cold. | If someone is cold then they are rough. | If someone is not young then they are not rough. | If someone is young then they are cold. | If someone is young then they are nice.,Q1: Bob is not cold. | Q2: Bob is not rough. | Q3: Bob is short. | Q4: Bob is green.,F | F | F | F,
15f05357-2770-4534-a387-33b44aff31b3,base_positive,Emma is yellow or green,If someone is yellow then they are cold. | If someone is green then they are cold. | If someone is cold then they are rough. | If someone is not young then they are not rough. | If someone is young then they are cold. | If someone is young then they are nice.,Q1: Emma is cold. | Q2: Emma is rough. | Q3: Emma is young. | Q4: Emma is nice.,T | T | T | T,
15f05357-2770-4534-a387-33b44aff31b3,base_negative,Emma is yellow or green,If someone is yellow then they are cold. | If someone is green then they are cold. | If someone is cold then they are rough. | If someone is not young then they are not rough. | If someone is young then they are cold. | If someone is young then they are nice.,Q1: Emma is not cold. | Q2: Emma is not rough. | Q3: Emma is short. | Q4: Emma is red.,F | F | F | F,
670e348c-bbec-4ea4-8f79-5a1a71295c3f,base_positive,Bob is green or yellow,If someone is green then they are cold. | If someone is yellow then they are cold. | If someone is cold then they are rough. | If someone is not young then they are not rough. | If someone is young then they are cold. | If someone is young then they are nice.,Q1: Bob is cold. | Q2: Bob is rough. | Q3: Bob is young. | Q4: Bob is nice.,T | T | T | T,
670e348c-bbec-4ea4-8f79-5a1a71295c3f,base_negative,Bob is green or yellow,If someone is green then they are cold. | If someone is yellow then they are cold. | If someone is cold then they are rough. | If someone is not young then they are not rough. | If someone is young then they are cold. | If someone is young then they are nice.,Q1: Bob is not cold. | Q2: Bob is not rough. | Q3: Bob is tall. | Q4: Bob is red.,F | F | F | F,
41670b46-d25d-4bd4-9c40-85f87dbf4b51,base_positive,Emma is yellow or blue,If someone is yellow then they are cold. | If someone is blue then they are cold. | If someone is cold then they are rough. | If someone is not young then they are not rough. | If someone is young then they are cold. | If someone is young then they are nice.,Q1: Emma is cold. | Q2: Emma is rough. | Q3: Emma is young. | Q4: Emma is nice.,T | T | T | T,
41670b46-d25d-4bd4-9c40-85f87dbf4b51,base_negative,Emma is yellow or blue,If someone is yellow then they are cold. | If someone is blue then they are cold. | If someone is cold then they are rough. | If someone is not young then they are not rough. | If someone is young then they are cold. | If someone is young then they are nice.,Q1: Emma is not cold. | Q2: Emma is not rough. | Q3: Emma is short. | Q4: Emma is red.,F | F | F | F,
565f39e2-f5f3-4d33-973c-c29b8ead379b,base_positive,Anne is green or red,If someone is green then they are cold. | If someone is red then they are cold. | If someone is cold then they are rough. | If someone is not young then they are not rough. | If someone is young then they are cold. | If someone is young then they are nice.,Q1: Anne is cold. | Q2: Anne is rough. | Q3: Anne is young. | Q4: Anne is nice.,T | T | T | T,
565f39e2-f5f3-4d33-973c-c29b8ead379b,base_negative,Anne is green or red,If someone is green then they are cold. | If someone is red then they are cold. | If someone is cold then they are rough. | If someone is not young then they are not rough. | If someone is young then they are cold. | If someone is young then they are nice.,Q1: Anne is not cold. | Q2: Anne is not rough. | Q3: Anne is kind. | Q4: Anne is yellow.,F | F | F | F,
4650abef-7a95-4669-a557-1af605c8a1c4,base_positive,Helen is yellow or blue,If someone is yellow then they are cold. | If someone is blue then they are cold. | If someone is cold then they are rough. | If someone is not young then they are not rough. | If someone is young then they are cold. | If someone is young then they are nice.,Q1: Helen is cold. | Q2: Helen is rough. | Q3: Helen is young. | Q4: Helen is nice.,T | T | T | T,
4650abef-7a95-4669-a557-1af605c8a1c4,base_negative,Helen is yellow or blue,If someone is yellow then they are cold. | If someone is blue then they are cold. | If someone is cold then they are rough. | If someone is not young then they are not rough. | If someone is young then they are cold. | If someone is young then they are nice.,Q1: Helen is not cold. | Q2: Helen is not rough. | Q3: Helen is short. | Q4: Helen is red.,F | F | F | F,
73e97f2e-7a9f-4831-98b7-82e195c5d6c1,base_positive,Grace is blue or yellow,If someone is blue then they are cold. | If someone is yellow then they are cold. | If someone is cold then they are rough. | If someone is not young then they are not rough. | If someone is young then they are cold. | If someone is young then they are nice.,Q1: Grace is cold. | Q2: Grace is rough. | Q3: Grace is young. | Q4: Grace is nice.,T | T | T | T,
73e97f2e-7a9f-4831-98b7-82e195c5d6c1,base_negative,Grace is blue or yellow,If someone is blue then they are cold. | If someone is yellow then they are cold. | If someone is cold then they are rough. | If someone is not young then they are not rough. | If someone is young then they are cold. | If someone is young then they are nice.,Q1: Grace is not cold. | Q2: Grace is not rough. | Q3: Grace is tall. | Q4: Grace is green.,F | F | F | F,
9585f33d-2c7b-4fc5-987c-f23b05fac99c,base_positive,Bob is yellow or green,If someone is yellow then they are cold. | If someone is green then they are cold. | If someone is cold then they are rough. | If someone is not young then they are not rough. | If someone is young then they are cold. | If someone is young then they are nice.,Q1: Bob is cold. | Q2: Bob is rough. | Q3: Bob is young. | Q4: Bob is nice.,T | T | T | T,
9585f33d-2c7b-4fc5-987c-f23b05fac99c,base_negative,Bob is yellow or green,If someone is yellow then they are cold. | If someone is green then they are cold. | If someone is cold then they are rough. | If someone is not young then they are not rough. | If someone is young then they are cold. | If someone is young then they are nice.,Q1: Bob is not cold. | Q2: Bob is not rough. | Q3: Bob is sad. | Q4: Bob is red.,F | F | F | F,
231daa67-710a-47ed-b821-7807448b4354,base_positive,Helen is blue or red,If someone is blue then they are cold. | If someone is red then they are cold. | If someone is cold then they are rough. | If someone is not young then they are not rough. | If someone is young then they are cold. | If someone is young then they are nice.,Q1: Helen is cold. | Q2: Helen is rough. | Q3: Helen is young. | Q4: Helen is nice.,T | T | T | T,
231daa67-710a-47ed-b821-7807448b4354,base_negative,Helen is blue or red,If someone is blue then they are cold. | If someone is red then they are cold. | If someone is cold then they are rough. | If someone is not young then they are not rough. | If someone is young then they are cold. | If someone is young then they are nice.,Q1: Helen is not cold. | Q2: Helen is not rough. | Q3: Helen is short. | Q4: Helen is yellow.,F | F | F | F,
52de3d52-3859-42a4-a269-41bd115a2eb3,base_positive,Frank is blue or yellow,If someone is blue then they are cold. | If someone is yellow then they are cold. | If someone is cold then they are rough. | If someone is not young then they are not rough. | If someone is young then they are cold. | If someone is young then they are nice.,Q1: Frank is cold. | Q2: Frank is rough. | Q3: Frank is young. | Q4: Frank is nice.,T | T | T | T,
52de3d52-3859-42a4-a269-41bd115a2eb3,base_negative,Frank is blue or yellow,If someone is blue then they are cold. | If someone is yellow then they are cold. | If someone is cold then they are rough. | If someone is not young then they are not rough. | If someone is young then they are cold. | If someone is young then they are nice.,Q1: Frank is not cold. | Q2: Frank is not rough. | Q3: Frank is short. | Q4: Frank is green.,F | F | F | F,
ab3f909b-acc2-47b9-a598-07967cf3ca49,base_positive,Anne is blue or red,If someone is blue then they are cold. | If someone is red then they are cold. | If someone is cold then they are rough. | If someone is not young then they are not rough. | If someone is young then they are cold. | If someone is young then they are nice.,Q1: Anne is cold. | Q2: Anne is rough. | Q3: Anne is young. | Q4: Anne is nice.,T | T | T | T,
ab3f909b-acc2-47b9-a598-07967cf3ca49,base_negative,Anne is blue or red,If someone is blue then they are cold. | If someone is red then they are cold. | If someone is cold then they are rough. | If someone is not young then they are not rough. | If someone is young then they are cold. | If someone is young then they are nice.,Q1: Anne is not cold. | Q2: Anne is not rough. | Q3: Anne is tall. | Q4: Anne is yellow.,F | F | F | F,
d64b0c3b-0a04-4e13-add1-9236ecc40bcb,base_positive,Emma is green or yellow,If someone is green then they are cold. | If someone is yellow then they are cold. | If someone is cold then they are rough. | If someone is not young then they are not rough. | If someone is young then they are cold. | If someone is young then they are nice.,Q1: Emma is cold. | Q2: Emma is rough. | Q3: Emma is young. | Q4: Emma is nice.,T | T | T | T,
d64b0c3b-0a04-4e13-add1-9236ecc40bcb,base_negative,Emma is green or yellow,If someone is green then they are cold. | If someone is yellow then they are cold. | If someone is cold then they are rough. | If someone is not young then they are not rough. | If someone is young then they are cold. | If someone is young then they are nice.,Q1: Emma is not cold. | Q2: Emma is not rough. | Q3: Emma is mean. | Q4: Emma is blue.,F | F | F | F,
89c87134-1452-4125-98f2-162750785e91,base_positive,Helen is green or yellow,If someone is green then they are cold. | If someone is yellow then they are cold. | If someone is cold then they are rough. | If someone is not young then they are not rough. | If someone is young then they are cold. | If someone is young then they are nice.,Q1: Helen is cold. | Q2: Helen is rough. | Q3: Helen is young. | Q4: Helen is nice.,T | T | T | T,
89c87134-1452-4125-98f2-162750785e91,base_negative,Helen is green or yellow,If someone is green then they are cold. | If someone is yellow then they are cold. | If someone is cold then they are rough. | If someone is not young then they are not rough. | If someone is young then they are cold. | If someone is young then they are nice.,Q1: Helen is not cold. | Q2: Helen is not rough. | Q3: Helen is kind. | Q4: Helen is red.,F | F | F | F,
9d742100-2b28-4582-bb10-96a3bc617a23,base_positive,Claire is red or blue,If someone is red then they are cold. | If someone is blue then they are cold. | If someone is cold then they are rough. | If someone is not young then they are not rough. | If someone is young then they are cold. | If someone is young then they are nice.,Q1: Claire is cold. | Q2: Claire is rough. | Q3: Claire is young. | Q4: Claire is nice.,T | T | T | T,
9d742100-2b28-4582-bb10-96a3bc617a23,base_negative,Claire is red or blue,If someone is red then they are cold. | If someone is blue then they are cold. | If someone is cold then they are rough. | If someone is not young then they are not rough. | If someone is young then they are cold. | If someone is young then they are nice.,Q1: Claire is not cold. | Q2: Claire is not rough. | Q3: Claire is sad. | Q4: Claire is yellow.,F | F | F | F,
c53cc183-dc81-4723-bb76-0dc133677da2,base_positive,Frank is red or green,If someone is red then they are cold. | If someone is green then they are cold. | If someone is cold then they are rough. | If someone is not young then they are not rough. | If someone is young then they are cold. | If someone is young then they are nice.,Q1: Frank is cold. | Q2: Frank is rough. | Q3: Frank is young. | Q4: Frank is nice.,T | T | T | T,
c53cc183-dc81-4723-bb76-0dc133677da2,base_negative,Frank is red or green,If someone is red then they are cold. | If someone is green then they are cold. | If someone is cold then they are rough. | If someone is not young then they are not rough. | If someone is young then they are cold. | If someone is young then they are nice.,Q1: Frank is not cold. | Q2: Frank is not rough. | Q3: Frank is tall. | Q4: Frank is yellow.,F | F | F | F,
b4abcbd8-0d85-4fc9-9702-98300771f46c,base_positive,Bob is green or red,If someone is green then they are cold. | If someone is red then they are cold. | If someone is cold then they are rough. | If someone is not young then they are not rough. | If someone is young then they are cold. | If someone is young then they are nice.,Q1: Bob is cold. | Q2: Bob is rough. | Q3: Bob is young. | Q4: Bob is nice.,T | T | T | T,
b4abcbd8-0d85-4fc9-9702-98300771f46c,base_negative,Bob is green or red,If someone is green then they are cold. | If someone is red then they are cold. | If someone is cold then they are rough. | If someone is not young then they are not rough. | If someone is young then they are cold. | If someone is young then they are nice.,Q1: Bob is not cold. | Q2: Bob is not rough. | Q3: Bob is mean. | Q4: Bob is yellow.,F | F | F | F,
bcc842b8-08a5-4c36-bc82-d015c74bcb38,base_positive,David is green or blue,If someone is green then they are cold. | If someone is blue then they are cold. | If someone is cold then they are rough. | If someone is not young then they are not rough. | If someone is young then they are cold. | If someone is young then they are nice.,Q1: David is cold. | Q2: David is rough. | Q3: David is young. | Q4: David is nice.,T | T | T | T,
bcc842b8-08a5-4c36-bc82-d015c74bcb38,base_negative,David is green or blue,If someone is green then they are cold. | If someone is blue then they are cold. | If someone is cold then they are rough. | If someone is not young then they are not rough. | If someone is young then they are cold. | If someone is young then they are nice.,Q1: David is not cold. | Q2: David is not rough. | Q3: David is mean. | Q4: David is red.,F | F | F | F,
ae655a9f-0e9f-463c-b058-72c7ab07cebe,base_positive,Claire is blue or yellow,If someone is blue then they are cold. | If someone is yellow then they are cold. | If someone is cold then they are rough. | If someone is not young then they are not rough. | If someone is young then they are cold. | If someone is young then they are nice.,Q1: Claire is cold. | Q2: Claire is rough. | Q3: Claire is young. | Q4: Claire is nice.,T | T | T | T,
ae655a9f-0e9f-463c-b058-72c7ab07cebe,base_negative,Claire is blue or yellow,If someone is blue then they are cold. | If someone is yellow then they are cold. | If someone is cold then they are rough. | If someone is not young then they are not rough. | If someone is young then they are cold. | If someone is young then they are nice.,Q1: Claire is not cold. | Q2: Claire is not rough. | Q3: Claire is tall. | Q4: Claire is red.,F | F | F | F,
058b78d0-5ddc-4a44-ac07-e575d74c07f3,base_positive,Claire is green or yellow,If someone is green then they are cold. | If someone is yellow then they are cold. | If someone is cold then they are rough. | If someone is not young then they are not rough. | If someone is young then they are cold. | If someone is young then they are nice.,Q1: Claire is cold. | Q2: Claire is rough. | Q3: Claire is young. | Q4: Claire is nice.,T | T | T | T,
058b78d0-5ddc-4a44-ac07-e575d74c07f3,base_negative,Claire is green or yellow,If someone is green then they are cold. | If someone is yellow then they are cold. | If someone is cold then they are rough. | If someone is not young then they are not rough. | If someone is young then they are cold. | If someone is young then they are nice.,Q1: Claire is not cold. | Q2: Claire is not rough. | Q3: Claire is short. | Q4: Claire is blue.,F | F | F | F,
f2fbd007-1807-44b9-9c28-b6d2a13c534e,base_positive,Helen is green or yellow,If someone is green then they are cold. | If someone is yellow then they are cold. | If someone is cold then they are rough. | If someone is not young then they are not rough. | If someone is young then they are cold. | If someone is young then they are nice.,Q1: Helen is cold. | Q2: Helen is rough. | Q3: Helen is young. | Q4: Helen is nice.,T | T | T | T,
f2fbd007-1807-44b9-9c28-b6d2a13c534e,base_negative,Helen is green or yellow,If someone is green then they are cold. | If someone is yellow then they are cold. | If someone is cold then they are rough. | If someone is not young then they are not rough. | If someone is young then they are cold. | If someone is young then they are nice.,Q1: Helen is not cold. | Q2: Helen is not rough. | Q3: Helen is short. | Q4: Helen is blue.,F | F | F | F,
300381ca-ca38-4284-b286-00f1b4777d97,base_positive,Bob is yellow or blue,If someone is yellow then they are cold. | If someone is blue then they are cold. | If someone is cold then they are rough. | If someone is not young then they are not rough. | If someone is young then they are cold. | If someone is young then they are nice.,Q1: Bob is cold. | Q2: Bob is rough. | Q3: Bob is young. | Q4: Bob is nice.,T | T | T | T,
300381ca-ca38-4284-b286-00f1b4777d97,base_negative,Bob is yellow or blue,If someone is yellow then they are cold. | If someone is blue then they are cold. | If someone is cold then they are rough. | If someone is not young then they are not rough. | If someone is young then they are cold. | If someone is young then they are nice.,Q1: Bob is not cold. | Q2: Bob is not rough. | Q3: Bob is kind. | Q4: Bob is red.,F | F | F | F,
bff21874-4f37-44b5-97fe-d917a0314397,base_positive,Claire is blue or green,If someone is blue then they are cold. | If someone is green then they are cold. | If someone is cold then they are rough. | If someone is not young then they are not rough. | If someone is young then they are cold. | If someone is young then they are nice.,Q1: Claire is cold. | Q2: Claire is rough. | Q3: Claire is young. | Q4: Claire is nice.,T | T | T | T,
bff21874-4f37-44b5-97fe-d917a0314397,base_negative,Claire is blue or green,If someone is blue then they are cold. | If someone is green then they are cold. | If someone is cold then they are rough. | If someone is not young then they are not rough. | If someone is young then they are cold. | If someone is young then they are nice.,Q1: Claire is not cold. | Q2: Claire is not rough. | Q3: Claire is happy. | Q4: Claire is red.,F | F | F | F,
82e6db02-87a6-4d45-8feb-b27099645370,base_positive,Claire is green or yellow,If someone is green then they are cold. | If someone is yellow then they are cold. | If someone is cold then they are rough. | If someone is not young then they are not rough. | If someone is young then they are cold. | If someone is young then they are nice.,Q1: Claire is cold. | Q2: Claire is rough. | Q3: Claire is young. | Q4: Claire is nice.,T | T | T | T,
82e6db02-87a6-4d45-8feb-b27099645370,base_negative,Claire is green or yellow,If someone is green then they are cold. | If someone is yellow then they are cold. | If someone is cold then they are rough. | If someone is not young then they are not rough. | If someone is young then they are cold. | If someone is young then they are nice.,Q1: Claire is not cold. | Q2: Claire is not rough. | Q3: Claire is short. | Q4: Claire is red.,F | F | F | F,
d278dd07-0157-4f1b-9f17-4ac5b2778766,base_positive,Anne is green or blue,If someone is green then they are cold. | If someone is blue then they are cold. | If someone is cold then they are rough. | If someone is not young then they are not rough. | If someone is young then they are cold. | If someone is young then they are nice.,Q1: Anne is cold. | Q2: Anne is rough. | Q3: Anne is young. | Q4: Anne is nice.,T | T | T | T,
d278dd07-0157-4f1b-9f17-4ac5b2778766,base_negative,Anne is green or blue,If someone is green then they are cold. | If someone is blue then they are cold. | If someone is cold then they are rough. | If someone is not young then they are not rough. | If someone is young then they are cold. | If someone is young then they are nice.,Q1: Anne is not cold. | Q2: Anne is not rough. | Q3: Anne is sad. | Q4: Anne is red.,F | F | F | F,
c748c74d-c7d0-45fd-bb95-d728f148fcd1,base_positive,Emma is blue or green,If someone is blue then they are cold. | If someone is green then they are cold. | If someone is cold then they are rough. | If someone is not young then they are not rough. | If someone is young then they are cold. | If someone is young then they are nice.,Q1: Emma is cold. | Q2: Emma is rough. | Q3: Emma is young. | Q4: Emma is nice.,T | T | T | T,
c748c74d-c7d0-45fd-bb95-d728f148fcd1,base_negative,Emma is blue or green,If someone is blue then they are cold. | If someone is green then they are cold. | If someone is cold then they are rough. | If someone is not young then they are not rough. | If someone is young then they are cold. | If someone is young then they are nice.,Q1: Emma is not cold. | Q2: Emma is not rough. | Q3: Emma is sad. | Q4: Emma is red.,F | F | F | F,
9362613e-1c2d-48b3-8f66-6ff6d94f1b33,base_positive,Bob is red or yellow,If someone is red then they are cold. | If someone is yellow then they are cold. | If someone is cold then they are rough. | If someone is not young then they are not rough. | If someone is young then they are cold. | If someone is young then they are nice.,Q1: Bob is cold. | Q2: Bob is rough. | Q3: Bob is young. | Q4: Bob is nice.,T | T | T | T,
9362613e-1c2d-48b3-8f66-6ff6d94f1b33,base_negative,Bob is red or yellow,If someone is red then they are cold. | If someone is yellow then they are cold. | If someone is cold then they are rough. | If someone is not young then they are not rough. | If someone is young then they are cold. | If someone is young then they are nice.,Q1: Bob is not cold. | Q2: Bob is not rough. | Q3: Bob is happy. | Q4: Bob is green.,F | F | F | F,
6888a156-504c-4868-9888-b04add918d09,base_positive,Anne is green or blue,If someone is green then they are cold. | If someone is blue then they are cold. | If someone is cold then they are rough. | If someone is not young then they are not rough. | If someone is young then they are cold. | If someone is young then they are nice.,Q1: Anne is cold. | Q2: Anne is rough. | Q3: Anne is young. | Q4: Anne is nice.,T | T | T | T,
6888a156-504c-4868-9888-b04add918d09,base_negative,Anne is green or blue,If someone is green then they are cold. | If someone is blue then they are cold. | If someone is cold then they are rough. | If someone is not young then they are not rough. | If someone is young then they are cold. | If someone is young then they are nice.,Q1: Anne is not cold. | Q2: Anne is not rough. | Q3: Anne is mean. | Q4: Anne is red.,F | F | F | F,
0b851a20-e6b8-4c77-b2cc-3d0752e3a16d,base_positive,Helen is red or green,If someone is red then they are cold. | If someone is green then they are cold. | If someone is cold then they are rough. | If someone is not young then they are not rough. | If someone is young then they are cold. | If someone is young then they are nice.,Q1: Helen is cold. | Q2: Helen is rough. | Q3: Helen is young. | Q4: Helen is nice.,T | T | T | T,
0b851a20-e6b8-4c77-b2cc-3d0752e3a16d,base_negative,Helen is red or green,If someone is red then they are cold. | If someone is green then they are cold. | If someone is cold then they are rough. | If someone is not young then they are not rough. | If someone is young then they are cold. | If someone is young then they are nice.,Q1: Helen is not cold. | Q2: Helen is not rough. | Q3: Helen is mean. | Q4: Helen is yellow.,F | F | F | F,
67d59139-085e-4d79-8528-7b20361e8c89,base_positive,David is red or yellow,If someone is red then they are cold. | If someone is yellow then they are cold. | If someone is cold then they are rough. | If someone is not young then they are not rough. | If someone is young then they are cold. | If someone is young then they are nice.,Q1: David is cold. | Q2: David is rough. | Q3: David is young. | Q4: David is nice.,T | T | T | T,
67d59139-085e-4d79-8528-7b20361e8c89,base_negative,David is red or yellow,If someone is red then they are cold. | If someone is yellow then they are cold. | If someone is cold then they are rough. | If someone is not young then they are not rough. | If someone is young then they are cold. | If someone is young then they are nice.,Q1: David is not cold. | Q2: David is not rough. | Q3: David is short. | Q4: David is green.,F | F | F | F,
1b88591c-7b38-4c32-b1c2-68726fb6c804,base_positive,Helen is yellow or green,If someone is yellow then they are cold. | If someone is green then they are cold. | If someone is cold then they are rough. | If someone is not young then they are not rough. | If someone is young then they are cold. | If someone is young then they are nice.,Q1: Helen is cold. | Q2: Helen is rough. | Q3: Helen is young. | Q4: Helen is nice.,T | T | T | T,
1b88591c-7b38-4c32-b1c2-68726fb6c804,base_negative,Helen is yellow or green,If someone is yellow then they are cold. | If someone is green then they are cold. | If someone is cold then they are rough. | If someone is not young then they are not rough. | If someone is young then they are cold. | If someone is young then they are nice.,Q1: Helen is not cold. | Q2: Helen is not rough. | Q3: Helen is short. | Q4: Helen is red.,F | F | F | F,
21e29d6d-943b-425e-bc2f-f91e0f47b8a1,base_positive,Grace is red or green,If someone is red then they are cold. | If someone is green then they are cold. | If someone is cold then they are rough. | If someone is not young then they are not rough. | If someone is young then they are cold. | If someone is young then they are nice.,Q1: Grace is cold. | Q2: Grace is rough. | Q3: Grace is young. | Q4: Grace is nice.,T | T | T | T,
21e29d6d-943b-425e-bc2f-f91e0f47b8a1,base_negative,Grace is red or green,If someone is red then they are cold. | If someone is green then they are cold. | If someone is cold then they are rough. | If someone is not young then they are not rough. | If someone is young then they are cold. | If someone is young then they are nice.,Q1: Grace is not cold. | Q2: Grace is not rough. | Q3: Grace is mean. | Q4: Grace is yellow.,F | F | F | F,
e4140dda-02a6-470a-ab88-d4af4b579f3a,base_positive,David is blue or red,If someone is blue then they are cold. | If someone is red then they are cold. | If someone is cold then they are rough. | If someone is not young then they are not rough. | If someone is young then they are cold. | If someone is young then they are nice.,Q1: David is cold. | Q2: David is rough. | Q3: David is young. | Q4: David is nice.,T | T | T | T,
e4140dda-02a6-470a-ab88-d4af4b579f3a,base_negative,David is blue or red,If someone is blue then they are cold. | If someone is red then they are cold. | If someone is cold then they are rough. | If someone is not young then they are not rough. | If someone is young then they are cold. | If someone is young then they are nice.,Q1: David is not cold. | Q2: David is not rough. | Q3: David is sad. | Q4: David is green.,F | F | F | F,
0c3c99e9-4b60-4adf-80ee-cecfc9ab32aa,base_positive,Claire is yellow or green,If someone is yellow then they are cold. | If someone is green then they are cold. | If someone is cold then they are rough. | If someone is not young then they are not rough. | If someone is young then they are cold. | If someone is young then they are nice.,Q1: Claire is cold. | Q2: Claire is rough. | Q3: Claire is young. | Q4: Claire is nice.,T | T | T | T,
0c3c99e9-4b60-4adf-80ee-cecfc9ab32aa,base_negative,Claire is yellow or green,If someone is yellow then they are cold. | If someone is green then they are cold. | If someone is cold then they are rough. | If someone is not young then they are not rough. | If someone is young then they are cold. | If someone is young then they are nice.,Q1: Claire is not cold. | Q2: Claire is not rough. | Q3: Claire is short. | Q4: Claire is blue.,F | F | F | F,
6f086ed9-d24b-4b60-b06f-a051566296db,base_positive,David is red or green,If someone is red then they are cold. | If someone is green then they are cold. | If someone is cold then they are rough. | If someone is not young then they are not rough. | If someone is young then they are cold. | If someone is young then they are nice.,Q1: David is cold. | Q2: David is rough. | Q3: David is young. | Q4: David is nice.,T | T | T | T,
6f086ed9-d24b-4b60-b06f-a051566296db,base_negative,David is red or green,If someone is red then they are cold. | If someone is green then they are cold. | If someone is cold then they are rough. | If someone is not young then they are not rough. | If someone is young then they are cold. | If someone is young then they are nice.,Q1: David is not cold. | Q2: David is not rough. | Q3: David is happy. | Q4: David is yellow.,F | F | F | F,
655cb897-077e-419e-8d2d-9feec133d945,base_positive,Frank is green or blue,If someone is green then they are cold. | If someone is blue then they are cold. | If someone is cold then they are rough. | If someone is not young then they are not rough. | If someone is young then they are cold. | If someone is young then they are nice.,Q1: Frank is cold. | Q2: Frank is rough. | Q3: Frank is young. | Q4: Frank is nice.,T | T | T | T,
655cb897-077e-419e-8d2d-9feec133d945,base_negative,Frank is green or blue,If someone is green then they are cold. | If someone is blue then they are cold. | If someone is cold then they are rough. | If someone is not young then they are not rough. | If someone is young then they are cold. | If someone is young then they are nice.,Q1: Frank is not cold. | Q2: Frank is not rough. | Q3: Frank is sad. | Q4: Frank is red.,F | F | F | F,
abf45d73-c32f-49b3-9dd9-4784522e0922,base_positive,Frank is green or blue,If someone is green then they are cold. | If someone is blue then they are cold. | If someone is cold then they are rough. | If someone is not young then they are not rough. | If someone is young then they are cold. | If someone is young then they are nice.,Q1: Frank is cold. | Q2: Frank is rough. | Q3: Frank is young. | Q4: Frank is nice.,T | T | T | T,
abf45d73-c32f-49b3-9dd9-4784522e0922,base_negative,Frank is green or blue,If someone is green then they are cold. | If someone is blue then they are cold. | If someone is cold then they are rough. | If someone is not young then they are not rough. | If someone is young then they are cold. | If someone is young then they are nice.,Q1: Frank is not cold. | Q2: Frank is not rough. | Q3: Frank is short. | Q4: Frank is yellow.,F | F | F | F,
066cdd51-2910-4de0-8891-40ca24c7d419,base_positive,Bob is green or yellow,If someone is green then they are cold. | If someone is yellow then they are cold. | If someone is cold then they are rough. | If someone is not young then they are not rough. | If someone is young then they are cold. | If someone is young then they are nice.,Q1: Bob is cold. | Q2: Bob is rough. | Q3: Bob is young. | Q4: Bob is nice.,T | T | T | T,
066cdd51-2910-4de0-8891-40ca24c7d419,base_negative,Bob is green or yellow,If someone is green then they are cold. | If someone is yellow then they are cold. | If someone is cold then they are rough. | If someone is not young then they are not rough. | If someone is young then they are cold. | If someone is young then they are nice.,Q1: Bob is not cold. | Q2: Bob is not rough. | Q3: Bob is happy. | Q4: Bob is blue.,F | F | F | F,
0cbcd688-aa3c-498f-968c-83a726b0a17b,base_positive,Emma is red or green,If someone is red then they are cold. | If someone is green then they are cold. | If someone is cold then they are rough. | If someone is not young then they are not rough. | If someone is young then they are cold. | If someone is young then they are nice.,Q1: Emma is cold. | Q2: Emma is rough. | Q3: Emma is young. | Q4: Emma is nice.,T | T | T | T,
0cbcd688-aa3c-498f-968c-83a726b0a17b,base_negative,Emma is red or green,If someone is red then they are cold. | If someone is green then they are cold. | If someone is cold then they are rough. | If someone is not young then they are not rough. | If someone is young then they are cold. | If someone is young then they are nice.,Q1: Emma is not cold. | Q2: Emma is not rough. | Q3: Emma is happy. | Q4: Emma is yellow.,F | F | F | F,
2f341bc7-7e9f-497d-8535-824ed3175e3a,base_positive,Claire is yellow or blue,If someone is yellow then they are cold. | If someone is blue then they are cold. | If someone is cold then they are rough. | If someone is not young then they are not rough. | If someone is young then they are cold. | If someone is young then they are nice.,Q1: Claire is cold. | Q2: Claire is rough. | Q3: Claire is young. | Q4: Claire is nice.,T | T | T | T,
2f341bc7-7e9f-497d-8535-824ed3175e3a,base_negative,Claire is yellow or blue,If someone is yellow then they are cold. | If someone is blue then they are cold. | If someone is cold then they are rough. | If someone is not young then they are not rough. | If someone is young then they are cold. | If someone is young then they are nice.,Q1: Claire is not cold. | Q2: Claire is not rough. | Q3: Claire is sad. | Q4: Claire is red.,F | F | F | F,
fd8f857e-5560-4cab-8d68-6fee7d7e5e0b,base_positive,David is green or blue,If someone is green then they are cold. | If someone is blue then they are cold. | If someone is cold then they are rough. | If someone is not young then they are not rough. | If someone is young then they are cold. | If someone is young then they are nice.,Q1: David is cold. | Q2: David is rough. | Q3: David is young. | Q4: David is nice.,T | T | T | T,
fd8f857e-5560-4cab-8d68-6fee7d7e5e0b,base_negative,David is green or blue,If someone is green then they are cold. | If someone is blue then they are cold. | If someone is cold then they are rough. | If someone is not young then they are not rough. | If someone is young then they are cold. | If someone is young then they are nice.,Q1: David is not cold. | Q2: David is not rough. | Q3: David is short. | Q4: David is yellow.,F | F | F | F,
9b4cb650-6725-4c03-83dd-43b320a5678f,base_positive,Frank is blue or yellow,If someone is blue then they are cold. | If someone is yellow then they are cold. | If someone is cold then they are rough. | If someone is not young then they are not rough. | If someone is young then they are cold. | If someone is young then they are nice.,Q1: Frank is cold. | Q2: Frank is rough. | Q3: Frank is young. | Q4: Frank is nice.,T | T | T | T,
9b4cb650-6725-4c03-83dd-43b320a5678f,base_negative,Frank is blue or yellow,If someone is blue then they are cold. | If someone is yellow then they are cold. | If someone is cold then they are rough. | If someone is not young then they are not rough. | If someone is young then they are cold. | If someone is young then they are nice.,Q1: Frank is not cold. | Q2: Frank is not rough. | Q3: Frank is mean. | Q4: Frank is red.,F | F | F | F,
f5158608-28c0-4425-a3c6-ee0fa262c015,base_positive,Bob is green or yellow,If someone is green then they are cold. | If someone is yellow then they are cold. | If someone is cold then they are rough. | If someone is not young then they are not rough. | If someone is young then they are cold. | If someone is young then they are nice.,Q1: Bob is cold. | Q2: Bob is rough. | Q3: Bob is young. | Q4: Bob is nice.,T | T | T | T,
f5158608-28c0-4425-a3c6-ee0fa262c015,base_negative,Bob is green or yellow,If someone is green then they are cold. | If someone is yellow then they are cold. | If someone is cold then they are rough. | If someone is not young then they are not rough. | If someone is young then they are cold. | If someone is young then they are nice.,Q1: Bob is not cold. | Q2: Bob is not rough. | Q3: Bob is tall. | Q4: Bob is red.,F | F | F | F,
ffe7ce41-beac-4fef-a6ff-703b4dad3e10,base_positive,David is green or yellow,If someone is green then they are cold. | If someone is yellow then they are cold. | If someone is cold then they are rough. | If someone is not young then they are not rough. | If someone is young then they are cold. | If someone is young then they are nice.,Q1: David is cold. | Q2: David is rough. | Q3: David is young. | Q4: David is nice.,T | T | T | T,
ffe7ce41-beac-4fef-a6ff-703b4dad3e10,base_negative,David is green or yellow,If someone is green then they are cold. | If someone is yellow then they are cold. | If someone is cold then they are rough. | If someone is not young then they are not rough. | If someone is young then they are cold. | If someone is young then they are nice.,Q1: David is not cold. | Q2: David is not rough. | Q3: David is sad. | Q4: David is red.,F | F | F | F,
a938706b-d20b-4dcb-8fb1-c7585360c7c8,base_positive,Anne is green or blue,If someone is green then they are cold. | If someone is blue then they are cold. | If someone is cold then they are rough. | If someone is not young then they are not rough. | If someone is young then they are cold. | If someone is young then they are nice.,Q1: Anne is cold. | Q2: Anne is rough. | Q3: Anne is young. | Q4: Anne is nice.,T | T | T | T,
a938706b-d20b-4dcb-8fb1-c7585360c7c8,base_negative,Anne is green or blue,If someone is green then they are cold. | If someone is blue then they are cold. | If someone is cold then they are rough. | If someone is not young then they are not rough. | If someone is young then they are cold. | If someone is young then they are nice.,Q1: Anne is not cold. | Q2: Anne is not rough. | Q3: Anne is mean. | Q4: Anne is yellow.,F | F | F | F,
49c03e4c-bf73-4fae-9a07-b7a23d9947f0,base_positive,Grace is blue or yellow,If someone is blue then they are cold. | If someone is yellow then they are cold. | If someone is cold then they are rough. | If someone is not young then they are not rough. | If someone is young then they are cold. | If someone is young then they are nice.,Q1: Grace is cold. | Q2: Grace is rough. | Q3: Grace is young. | Q4: Grace is nice.,T | T | T | T,
49c03e4c-bf73-4fae-9a07-b7a23d9947f0,base_negative,Grace is blue or yellow,If someone is blue then they are cold. | If someone is yellow then they are cold. | If someone is cold then they are rough. | If someone is not young then they are not rough. | If someone is young then they are cold. | If someone is young then they are nice.,Q1: Grace is not cold. | Q2: Grace is not rough. | Q3: Grace is sad. | Q4: Grace is red.,F | F | F | F,
572f59d9-5814-4902-808c-d35eedd9849e,base_positive,Grace is green or red,If someone is green then they are cold. | If someone is red then they are cold. | If someone is cold then they are rough. | If someone is not young then they are not rough. | If someone is young then they are cold. | If someone is young then they are nice.,Q1: Grace is cold. | Q2: Grace is rough. | Q3: Grace is young. | Q4: Grace is nice.,T | T | T | T,
572f59d9-5814-4902-808c-d35eedd9849e,base_negative,Grace is green or red,If someone is green then they are cold. | If someone is red then they are cold. | If someone is cold then they are rough. | If someone is not young then they are not rough. | If someone is young then they are cold. | If someone is young then they are nice.,Q1: Grace is not cold. | Q2: Grace is not rough. | Q3: Grace is tall. | Q4: Grace is yellow.,F | F | F | F,
03984e58-0d1d-47d6-bacd-c64d84de7da3,base_positive,David is yellow or green,If someone is yellow then they are cold. | If someone is green then they are cold. | If someone is cold then they are rough. | If someone is not young then they are not rough. | If someone is young then they are cold. | If someone is young then they are nice.,Q1: David is cold. | Q2: David is rough. | Q3: David is young. | Q4: David is nice.,T | T | T | T,
03984e58-0d1d-47d6-bacd-c64d84de7da3,base_negative,David is yellow or green,If someone is yellow then they are cold. | If someone is green then they are cold. | If someone is cold then they are rough. | If someone is not young then they are not rough. | If someone is young then they are cold. | If someone is young then they are nice.,Q1: David is not cold. | Q2: David is not rough. | Q3: David is short. | Q4: David is blue.,F | F | F | F,
4002073d-db6c-408b-9da1-2f4ba5033118,base_positive,Emma is yellow or red,If someone is yellow then they are cold. | If someone is red then they are cold. | If someone is cold then they are rough. | If someone is not young then they are not rough. | If someone is young then they are cold. | If someone is young then they are nice.,Q1: Emma is cold. | Q2: Emma is rough. | Q3: Emma is young. | Q4: Emma is nice.,T | T | T | T,
4002073d-db6c-408b-9da1-2f4ba5033118,base_negative,Emma is yellow or red,If someone is yellow then they are cold. | If someone is red then they are cold. | If someone is cold then they are rough. | If someone is not young then they are not rough. | If someone is young then they are cold. | If someone is young then they are nice.,Q1: Emma is not cold. | Q2: Emma is not rough. | Q3: Emma is kind. | Q4: Emma is blue.,F | F | F | F,
00de833e-eff9-4fd9-b438-59b4e8bf7508,base_positive,Anne is red or green,If someone is red then they are cold. | If someone is green then they are cold. | If someone is cold then they are rough. | If someone is not young then they are not rough. | If someone is young then they are cold. | If someone is young then they are nice.,Q1: Anne is cold. | Q2: Anne is rough. | Q3: Anne is young. | Q4: Anne is nice.,T | T | T | T,
00de833e-eff9-4fd9-b438-59b4e8bf7508,base_negative,Anne is red or green,If someone is red then they are cold. | If someone is green then they are cold. | If someone is cold then they are rough. | If someone is not young then they are not rough. | If someone is young then they are cold. | If someone is young then they are nice.,Q1: Anne is not cold. | Q2: Anne is not rough. | Q3: Anne is happy. | Q4: Anne is yellow.,F | F | F | F,
b1046834-6cac-4e32-ac94-95001812bcce,base_positive,Helen is blue or yellow,If someone is blue then they are cold. | If someone is yellow then they are cold. | If someone is cold then they are rough. | If someone is not young then they are not rough. | If someone is young then they are cold. | If someone is young then they are nice.,Q1: Helen is cold. | Q2: Helen is rough. | Q3: Helen is young. | Q4: Helen is nice.,T | T | T | T,
b1046834-6cac-4e32-ac94-95001812bcce,base_negative,Helen is blue or yellow,If someone is blue then they are cold. | If someone is yellow then they are cold. | If someone is cold then they are rough. | If someone is not young then they are not rough. | If someone is young then they are cold. | If someone is young then they are nice.,Q1: Helen is not cold. | Q2: Helen is not rough. | Q3: Helen is sad. | Q4: Helen is red.,F | F | F | F,
2e7b13ea-aa43-4835-a5ca-09a8444aeed1,base_positive,Helen is red or blue,If someone is red then they are cold. | If someone is blue then they are cold. | If someone is cold then they are rough. | If someone is not young then they are not rough. | If someone is young then they are cold. | If someone is young then they are nice.,Q1: Helen is cold. | Q2: Helen is rough. | Q3: Helen is young. | Q4: Helen is nice.,T | T | T | T,
2e7b13ea-aa43-4835-a5ca-09a8444aeed1,base_negative,Helen is red or blue,If someone is red then they are cold. | If someone is blue then they are cold. | If someone is cold then they are rough. | If someone is not young then they are not rough. | If someone is young then they are cold. | If someone is young then they are nice.,Q1: Helen is not cold. | Q2: Helen is not rough. | Q3: Helen is kind. | Q4: Helen is yellow.,F | F | F | F,
76a8a2ca-0ea9-4bb9-8d85-a72135a0654f,base_positive,David is green or red,If someone is green then they are cold. | If someone is red then they are cold. | If someone is cold then they are rough. | If someone is not young then they are not rough. | If someone is young then they are cold. | If someone is young then they are nice.,Q1: David is cold. | Q2: David is rough. | Q3: David is young. | Q4: David is nice.,T | T | T | T,
76a8a2ca-0ea9-4bb9-8d85-a72135a0654f,base_negative,David is green or red,If someone is green then they are cold. | If someone is red then they are cold. | If someone is cold then they are rough. | If someone is not young then they are not rough. | If someone is young then they are cold. | If someone is young then they are nice.,Q1: David is not cold. | Q2: David is not rough. | Q3: David is tall. | Q4: David is blue.,F | F | F | F,
c130c165-dfb4-46dd-a38d-eb5151ca3322,base_positive,Emma is blue or yellow,If someone is blue then they are cold. | If someone is yellow then they are cold. | If someone is cold then they are rough. | If someone is not young then they are not rough. | If someone is young then they are cold. | If someone is young then they are nice.,Q1: Emma is cold. | Q2: Emma is rough. | Q3: Emma is young. | Q4: Emma is nice.,T | T | T | T,
c130c165-dfb4-46dd-a38d-eb5151ca3322,base_negative,Emma is blue or yellow,If someone is blue then they are cold. | If someone is yellow then they are cold. | If someone is cold then they are rough. | If someone is not young then they are not rough. | If someone is young then they are cold. | If someone is young then they are nice.,Q1: Emma is not cold. | Q2: Emma is not rough. | Q3: Emma is sad. | Q4: Emma is green.,F | F | F | F,
bf9e90db-dbfa-442f-85b5-626592d1d6e0,base_positive,David is green or red,If someone is green then they are cold. | If someone is red then they are cold. | If someone is cold then they are rough. | If someone is not young then they are not rough. | If someone is young then they are cold. | If someone is young then they are nice.,Q1: David is cold. | Q2: David is rough. | Q3: David is young. | Q4: David is nice.,T | T | T | T,
bf9e90db-dbfa-442f-85b5-626592d1d6e0,base_negative,David is green or red,If someone is green then they are cold. | If someone is red then they are cold. | If someone is cold then they are rough. | If someone is not young then they are not rough. | If someone is young then they are cold. | If someone is young then they are nice.,Q1: David is not cold. | Q2: David is not rough. | Q3: David is sad. | Q4: David is yellow.,F | F | F | F,
5570d653-8364-4494-8611-8c96e7a8c508,base_positive,David is red or green,If someone is red then they are cold. | If someone is green then they are cold. | If someone is cold then they are rough. | If someone is not young then they are not rough. | If someone is young then they are cold. | If someone is young then they are nice.,Q1: David is cold. | Q2: David is rough. | Q3: David is young. | Q4: David is nice.,T | T | T | T,
5570d653-8364-4494-8611-8c96e7a8c508,base_negative,David is red or green,If someone is red then they are cold. | If someone is green then they are cold. | If someone is cold then they are rough. | If someone is not young then they are not rough. | If someone is young then they are cold. | If someone is young then they are nice.,Q1: David is not cold. | Q2: David is not rough. | Q3: David is short. | Q4: David is blue.,F | F | F | F,
2e5623a2-b496-4aa4-91d3-06989619c5d4,base_positive,Claire is yellow or green,If someone is yellow then they are cold. | If someone is green then they are cold. | If someone is cold then they are rough. | If someone is not young then they are not rough. | If someone is young then they are cold. | If someone is young then they are nice.,Q1: Claire is cold. | Q2: Claire is rough. | Q3: Claire is young. | Q4: Claire is nice.,T | T | T | T,
2e5623a2-b496-4aa4-91d3-06989619c5d4,base_negative,Claire is yellow or green,If someone is yellow then they are cold. | If someone is green then they are cold. | If someone is cold then they are rough. | If someone is not young then they are not rough. | If someone is young then they are cold. | If someone is young then they are nice.,Q1: Claire is not cold. | Q2: Claire is not rough. | Q3: Claire is short. | Q4: Claire is blue.,F | F | F | F,
9f2ed30c-17e0-45f4-8965-608a0018aca6,base_positive,Emma is yellow or red,If someone is yellow then they are cold. | If someone is red then they are cold. | If someone is cold then they are rough. | If someone is not young then they are not rough. | If someone is young then they are cold. | If someone is young then they are nice.,Q1: Emma is cold. | Q2: Emma is rough. | Q3: Emma is young. | Q4: Emma is nice.,T | T | T | T,
9f2ed30c-17e0-45f4-8965-608a0018aca6,base_negative,Emma is yellow or red,If someone is yellow then they are cold. | If someone is red then they are cold. | If someone is cold then they are rough. | If someone is not young then they are not rough. | If someone is young then they are cold. | If someone is young then they are nice.,Q1: Emma is not cold. | Q2: Emma is not rough. | Q3: Emma is happy. | Q4: Emma is blue.,F | F | F | F,
8fc02797-e13c-4b35-8a1e-b79b9f4480a5,base_positive,Claire is green or yellow,If someone is green then they are cold. | If someone is yellow then they are cold. | If someone is cold then they are rough. | If someone is not young then they are not rough. | If someone is young then they are cold. | If someone is young then they are nice.,Q1: Claire is cold. | Q2: Claire is rough. | Q3: Claire is young. | Q4: Claire is nice.,T | T | T | T,
8fc02797-e13c-4b35-8a1e-b79b9f4480a5,base_negative,Claire is green or yellow,If someone is green then they are cold. | If someone is yellow then they are cold. | If someone is cold then they are rough. | If someone is not young then they are not rough. | If someone is young then they are cold. | If someone is young then they are nice.,Q1: Claire is not cold. | Q2: Claire is not rough. | Q3: Claire is mean. | Q4: Claire is red.,F | F | F | F,
